BOOKS,DOMESTIC,true,0,25,10.10.2015
BOOKS,DOMESTIC_EXPEDITED,false,1,25,16.01.2018
BOOKS,INTERNATIONAL,true,2,25,16.02.2018
BOOKS,INTERNATIONAL_EXPEDITED,false,3,25,16.12.2017
BOOKS,DOMESTIC,true,1,25,20.12.2017
BOOKS,DOMESTIC_EXPEDITED,false,0,25,30.03.2018
BOOKS,INTERNATIONAL,true,3,25,30.09.2018
BOOKS,INTERNATIONAL_EXPEDITED,false,2,25,31.09.2018
CLOTHING,DOMESTIC_EXPEDITED,true,2,25,10.10.2015
CLOTHING,DOMESTIC,false,3,25,16.01.2018
CLOTHING,INTERNATIONAL_EXPEDITED,true,0,25,16.02.2018
CLOTHING,INTERNATIONAL,false,1,25,16.12.2017
CLOTHING,DOMESTIC_EXPEDITED,false,3,25,20.12.2017
CLOTHING,DOMESTIC,true,2,25,30.03.2018
CLOTHING,INTERNATIONAL_EXPEDITED,false,1,25,30.09.2018
CLOTHING,INTERNATIONAL,true,0,25,31.09.2018
ELECTRONICS,INTERNATIONAL,true,1,25,10.10.2015
ELECTRONICS,INTERNATIONAL_EXPEDITED,false,0,25,16.01.2018
ELECTRONICS,DOMESTIC,true,3,25,16.02.2018
ELECTRONICS,DOMESTIC_EXPEDITED,false,2,25,16.12.2017
ELECTRONICS,INTERNATIONAL,false,0,25,20.12.2017
ELECTRONICS,INTERNATIONAL_EXPEDITED,true,1,25,30.03.2018
ELECTRONICS,DOMESTIC,false,2,25,30.09.2018
ELECTRONICS,DOMESTIC_EXPEDITED,true,3,25,31.09.2018
FURNITUREDECOR,INTERNATIONAL_EXPEDITED,true,3,25,10.10.2015
FURNITUREDECOR,INTERNATIONAL,false,2,25,16.01.2018
FURNITUREDECOR,DOMESTIC_EXPEDITED,true,1,25,16.02.2018
FURNITUREDECOR,DOMESTIC,false,0,25,16.12.2017
FURNITUREDECOR,INTERNATIONAL_EXPEDITED,true,2,25,20.12.2017
FURNITUREDECOR,INTERNATIONAL,false,3,25,30.03.2018
FURNITUREDECOR,DOMESTIC_EXPEDITED,true,0,25,30.09.2018
FURNITUREDECOR,DOMESTIC,false,1,25,31.09.2018
JEWELRY,DOMESTIC,false,1,25,10.10.2015
JEWELRY,DOMESTIC_EXPEDITED,true,0,25,16.01.2018
JEWELRY,INTERNATIONAL,false,3,25,16.02.2018
JEWELRY,INTERNATIONAL_EXPEDITED,true,2,25,16.12.2017
JEWELRY,DOMESTIC,true,0,25,20.12.2017
JEWELRY,DOMESTIC_EXPEDITED,false,1,25,30.03.2018
JEWELRY,INTERNATIONAL,true,2,25,30.09.2018
JEWELRY,INTERNATIONAL_EXPEDITED,false,3,25,31.09.2018
MUSIC,DOMESTIC,false,2,25,10.10.2015
MUSIC,DOMESTIC_EXPEDITED,true,3,25,16.01.2018
MUSIC,INTERNATIONAL,false,0,25,16.02.2018
MUSIC,INTERNATIONAL_EXPEDITED,true,1,25,16.12.2017
MUSIC,DOMESTIC,true,3,25,20.12.2017
MUSIC,DOMESTIC_EXPEDITED,false,2,25,30.03.2018
MUSIC,INTERNATIONAL,true,1,25,30.09.2018
MUSIC,INTERNATIONAL_EXPEDITED,false,0,25,31.09.2018
VIDEO,DOMESTIC,false,3,25,10.10.2015
VIDEO,DOMESTIC_EXPEDITED,true,2,25,16.01.2018
VIDEO,INTERNATIONAL,false,1,25,16.02.2018
VIDEO,INTERNATIONAL_EXPEDITED,true,0,25,16.12.2017
VIDEO,DOMESTIC,false,2,25,20.12.2017
VIDEO,DOMESTIC_EXPEDITED,true,3,25,30.03.2018
VIDEO,INTERNATIONAL,false,0,25,30.09.2018
VIDEO,INTERNATIONAL_EXPEDITED,true,1,25,31.09.2018
WATCHES,DOMESTIC,false,0,25,10.10.2015
WATCHES,DOMESTIC_EXPEDITED,true,1,25,16.01.2018
WATCHES,INTERNATIONAL,false,2,25,16.02.2018
WATCHES,INTERNATIONAL_EXPEDITED,true,3,25,16.12.2017
WATCHES,DOMESTIC,false,1,25,20.12.2017
WATCHES,DOMESTIC_EXPEDITED,true,0,25,30.03.2018
WATCHES,INTERNATIONAL,false,3,25,30.09.2018
WATCHES,INTERNATIONAL_EXPEDITED,true,2,25,31.09.2018
BOOKS,DOMESTIC_EXPEDITED,false,3,26,10.10.2015
BOOKS,DOMESTIC,true,2,26,16.01.2018
BOOKS,INTERNATIONAL_EXPEDITED,false,1,26,16.02.2018
BOOKS,INTERNATIONAL,true,0,26,16.12.2017
BOOKS,DOMESTIC_EXPEDITED,true,2,26,20.12.2017
BOOKS,DOMESTIC,false,3,26,30.03.2018
BOOKS,INTERNATIONAL_EXPEDITED,true,0,26,30.09.2018
BOOKS,INTERNATIONAL,false,1,26,31.09.2018
CLOTHING,DOMESTIC,false,0,26,10.10.2015
CLOTHING,DOMESTIC_EXPEDITED,true,1,26,16.01.2018
CLOTHING,INTERNATIONAL,false,2,26,16.02.2018
CLOTHING,INTERNATIONAL_EXPEDITED,true,3,26,16.12.2017
CLOTHING,DOMESTIC,true,1,26,20.12.2017
CLOTHING,DOMESTIC_EXPEDITED,false,0,26,30.03.2018
CLOTHING,INTERNATIONAL,true,3,26,30.09.2018
CLOTHING,INTERNATIONAL_EXPEDITED,false,2,26,31.09.2018
ELECTRONICS,INTERNATIONAL_EXPEDITED,true,2,26,10.10.2015
ELECTRONICS,INTERNATIONAL,false,3,26,16.01.2018
ELECTRONICS,DOMESTIC_EXPEDITED,true,0,26,16.02.2018
ELECTRONICS,DOMESTIC,false,1,26,16.12.2017
ELECTRONICS,INTERNATIONAL_EXPEDITED,false,3,26,20.12.2017
ELECTRONICS,INTERNATIONAL,true,2,26,30.03.2018
ELECTRONICS,DOMESTIC_EXPEDITED,false,1,26,30.09.2018
ELECTRONICS,DOMESTIC,true,0,26,31.09.2018
FURNITUREDECOR,INTERNATIONAL,false,0,26,10.10.2015
FURNITUREDECOR,INTERNATIONAL_EXPEDITED,true,1,26,16.01.2018
FURNITUREDECOR,DOMESTIC,false,2,26,16.02.2018
FURNITUREDECOR,DOMESTIC_EXPEDITED,true,3,26,16.12.2017
FURNITUREDECOR,INTERNATIONAL,true,1,26,20.12.2017
FURNITUREDECOR,INTERNATIONAL_EXPEDITED,false,0,26,30.03.2018
FURNITUREDECOR,DOMESTIC,true,3,26,30.09.2018
FURNITUREDECOR,DOMESTIC_EXPEDITED,false,2,26,31.09.2018
JEWELRY,DOMESTIC_EXPEDITED,true,0,26,10.10.2015
JEWELRY,DOMESTIC,false,1,26,16.01.2018
JEWELRY,INTERNATIONAL_EXPEDITED,true,2,26,16.02.2018
JEWELRY,INTERNATIONAL,false,3,26,16.12.2017
JEWELRY,DOMESTIC_EXPEDITED,false,0,26,20.12.2017
JEWELRY,DOMESTIC,true,1,26,30.03.2018
JEWELRY,INTERNATIONAL_EXPEDITED,false,2,26,30.09.2018
JEWELRY,INTERNATIONAL,true,3,26,31.09.2018
MUSIC,DOMESTIC_EXPEDITED,true,1,26,10.10.2015
MUSIC,DOMESTIC,false,0,26,16.01.2018
MUSIC,INTERNATIONAL_EXPEDITED,true,3,26,16.02.2018
MUSIC,INTERNATIONAL,false,2,26,16.12.2017
MUSIC,DOMESTIC_EXPEDITED,true,0,26,20.12.2017
MUSIC,DOMESTIC,false,1,26,30.03.2018
MUSIC,INTERNATIONAL_EXPEDITED,true,2,26,30.09.2018
MUSIC,INTERNATIONAL,false,3,26,31.09.2018
VIDEO,DOMESTIC_EXPEDITED,true,0,26,10.10.2015
VIDEO,DOMESTIC,false,1,26,16.01.2018
VIDEO,INTERNATIONAL_EXPEDITED,true,2,26,16.02.2018
VIDEO,INTERNATIONAL,false,3,26,16.12.2017
VIDEO,DOMESTIC_EXPEDITED,true,1,26,20.12.2017
VIDEO,DOMESTIC,false,0,26,30.03.2018
VIDEO,INTERNATIONAL_EXPEDITED,true,3,26,30.09.2018
VIDEO,INTERNATIONAL,false,2,26,31.09.2018
WATCHES,DOMESTIC_EXPEDITED,true,2,26,10.10.2015
WATCHES,DOMESTIC,false,3,26,16.01.2018
WATCHES,INTERNATIONAL_EXPEDITED,true,0,26,16.02.2018
WATCHES,INTERNATIONAL,false,1,26,16.12.2017
WATCHES,DOMESTIC_EXPEDITED,true,3,26,20.12.2017
WATCHES,DOMESTIC,false,2,26,30.03.2018
WATCHES,INTERNATIONAL_EXPEDITED,true,1,26,30.09.2018
WATCHES,INTERNATIONAL,false,0,26,31.09.2018
BOOKS,INTERNATIONAL,true,2,24,10.10.2015
BOOKS,INTERNATIONAL_EXPEDITED,false,3,24,16.01.2018
BOOKS,DOMESTIC,true,0,24,16.02.2018
BOOKS,DOMESTIC_EXPEDITED,false,1,24,16.12.2017
BOOKS,INTERNATIONAL,false,3,24,20.12.2017
BOOKS,INTERNATIONAL_EXPEDITED,true,2,24,30.03.2018
BOOKS,DOMESTIC,false,1,24,30.09.2018
BOOKS,DOMESTIC_EXPEDITED,true,0,24,31.09.2018
CLOTHING,INTERNATIONAL_EXPEDITED,false,1,24,10.10.2015
CLOTHING,INTERNATIONAL,true,0,24,16.01.2018
CLOTHING,DOMESTIC_EXPEDITED,false,3,24,16.02.2018
CLOTHING,DOMESTIC,true,2,24,16.12.2017
CLOTHING,INTERNATIONAL_EXPEDITED,true,0,24,20.12.2017
CLOTHING,INTERNATIONAL,false,1,24,30.03.2018
CLOTHING,DOMESTIC_EXPEDITED,true,2,24,30.09.2018
CLOTHING,DOMESTIC,false,3,24,31.09.2018
ELECTRONICS,DOMESTIC,false,0,24,10.10.2015
ELECTRONICS,DOMESTIC_EXPEDITED,true,1,24,16.01.2018
ELECTRONICS,INTERNATIONAL,false,2,24,16.02.2018
ELECTRONICS,INTERNATIONAL_EXPEDITED,true,3,24,16.12.2017
ELECTRONICS,DOMESTIC,true,1,24,20.12.2017
ELECTRONICS,DOMESTIC_EXPEDITED,false,0,24,30.03.2018
ELECTRONICS,INTERNATIONAL,true,3,24,30.09.2018
ELECTRONICS,INTERNATIONAL_EXPEDITED,false,2,24,31.09.2018
FURNITUREDECOR,DOMESTIC_EXPEDITED,true,1,24,10.10.2015
FURNITUREDECOR,DOMESTIC,false,0,24,16.01.2018
FURNITUREDECOR,INTERNATIONAL_EXPEDITED,false,3,24,16.02.2018
FURNITUREDECOR,INTERNATIONAL,false,2,24,16.12.2017
FURNITUREDECOR,DOMESTIC_EXPEDITED,false,0,24,20.12.2017
FURNITUREDECOR,DOMESTIC,true,1,24,30.03.2018
FURNITUREDECOR,INTERNATIONAL_EXPEDITED,false,2,24,30.09.2018
FURNITUREDECOR,INTERNATIONAL,true,3,24,31.09.2018
JEWELRY,INTERNATIONAL,true,3,24,10.10.2015
JEWELRY,INTERNATIONAL_EXPEDITED,false,2,24,16.01.2018
JEWELRY,DOMESTIC,true,1,24,16.02.2018
JEWELRY,DOMESTIC_EXPEDITED,false,0,24,16.12.2017
JEWELRY,INTERNATIONAL,false,2,24,20.12.2017
JEWELRY,INTERNATIONAL_EXPEDITED,true,3,24,30.03.2018
JEWELRY,DOMESTIC,false,0,24,30.09.2018
JEWELRY,DOMESTIC_EXPEDITED,true,1,24,31.09.2018
MUSIC,INTERNATIONAL,true,0,24,10.10.2015
MUSIC,INTERNATIONAL_EXPEDITED,false,1,24,16.01.2018
MUSIC,DOMESTIC,false,2,24,16.02.2018
MUSIC,DOMESTIC_EXPEDITED,false,3,24,16.12.2017
MUSIC,INTERNATIONAL,false,1,24,20.12.2017
MUSIC,INTERNATIONAL_EXPEDITED,true,0,24,30.03.2018
MUSIC,DOMESTIC,false,3,24,30.09.2018
MUSIC,DOMESTIC_EXPEDITED,true,2,24,31.09.2018
VIDEO,INTERNATIONAL,true,1,24,10.10.2015
VIDEO,INTERNATIONAL_EXPEDITED,false,0,24,16.01.2018
VIDEO,DOMESTIC,true,3,24,16.02.2018
VIDEO,DOMESTIC_EXPEDITED,false,2,24,16.12.2017
VIDEO,INTERNATIONAL,true,0,24,20.12.2017
VIDEO,INTERNATIONAL_EXPEDITED,true,1,24,30.03.2018
VIDEO,DOMESTIC,true,2,24,30.09.2018
VIDEO,DOMESTIC_EXPEDITED,false,3,24,31.09.2018
WATCHES,INTERNATIONAL,true,1,24,10.10.2015
WATCHES,INTERNATIONAL_EXPEDITED,false,0,24,16.01.2018
WATCHES,DOMESTIC,true,3,24,16.02.2018
WATCHES,DOMESTIC_EXPEDITED,false,2,24,16.12.2017
WATCHES,INTERNATIONAL,false,0,24,20.12.2017
WATCHES,INTERNATIONAL_EXPEDITED,false,1,24,30.03.2018
WATCHES,DOMESTIC,false,2,24,30.09.2018
WATCHES,DOMESTIC_EXPEDITED,true,3,24,31.09.2018
BOOKS,INTERNATIONAL_EXPEDITED,true,0,49,10.10.2015
BOOKS,INTERNATIONAL,false,1,49,16.01.2018
BOOKS,DOMESTIC_EXPEDITED,true,2,49,16.02.2018
BOOKS,DOMESTIC,false,3,49,16.12.2017
BOOKS,INTERNATIONAL_EXPEDITED,true,1,49,20.12.2017
BOOKS,INTERNATIONAL,false,0,49,30.03.2018
BOOKS,DOMESTIC_EXPEDITED,true,3,49,30.09.2018
BOOKS,DOMESTIC,false,2,49,31.09.2018
CLOTHING,INTERNATIONAL,true,3,49,10.10.2015
CLOTHING,INTERNATIONAL_EXPEDITED,false,2,49,16.01.2018
CLOTHING,DOMESTIC,true,1,49,16.02.2018
CLOTHING,DOMESTIC_EXPEDITED,false,0,49,16.12.2017
CLOTHING,INTERNATIONAL,false,2,49,20.12.2017
CLOTHING,INTERNATIONAL_EXPEDITED,true,3,49,30.03.2018
CLOTHING,DOMESTIC,false,0,49,30.09.2018
CLOTHING,DOMESTIC_EXPEDITED,true,1,49,31.09.2018
ELECTRONICS,DOMESTIC_EXPEDITED,false,1,49,10.10.2015
ELECTRONICS,DOMESTIC,true,0,49,16.01.2018
ELECTRONICS,INTERNATIONAL_EXPEDITED,false,3,49,16.02.2018
ELECTRONICS,INTERNATIONAL,true,2,49,16.12.2017
ELECTRONICS,DOMESTIC_EXPEDITED,false,0,49,20.12.2017
ELECTRONICS,DOMESTIC,true,1,49,30.03.2018
ELECTRONICS,INTERNATIONAL_EXPEDITED,true,2,49,30.09.2018
ELECTRONICS,INTERNATIONAL,true,3,49,31.09.2018
FURNITUREDECOR,DOMESTIC,true,2,49,10.10.2015
FURNITUREDECOR,DOMESTIC_EXPEDITED,false,3,49,16.01.2018
FURNITUREDECOR,INTERNATIONAL,true,0,49,16.02.2018
FURNITUREDECOR,INTERNATIONAL_EXPEDITED,true,1,49,16.12.2017
FURNITUREDECOR,DOMESTIC,true,3,49,20.12.2017
FURNITUREDECOR,DOMESTIC_EXPEDITED,false,2,49,30.03.2018
FURNITUREDECOR,INTERNATIONAL,true,1,49,30.09.2018
FURNITUREDECOR,INTERNATIONAL_EXPEDITED,true,0,49,31.09.2018
JEWELRY,INTERNATIONAL_EXPEDITED,true,0,49,10.10.2015
JEWELRY,INTERNATIONAL,false,1,49,16.01.2018
JEWELRY,DOMESTIC_EXPEDITED,false,2,49,16.02.2018
JEWELRY,DOMESTIC,true,3,49,16.12.2017
JEWELRY,INTERNATIONAL_EXPEDITED,false,1,49,20.12.2017
JEWELRY,INTERNATIONAL,false,0,49,30.03.2018
JEWELRY,DOMESTIC_EXPEDITED,true,3,49,30.09.2018
JEWELRY,DOMESTIC,true,2,49,31.09.2018
MUSIC,INTERNATIONAL_EXPEDITED,true,3,49,10.10.2015
MUSIC,INTERNATIONAL,false,2,49,16.01.2018
MUSIC,DOMESTIC_EXPEDITED,false,1,49,16.02.2018
MUSIC,DOMESTIC,true,0,49,16.12.2017
MUSIC,INTERNATIONAL_EXPEDITED,true,2,49,20.12.2017
MUSIC,INTERNATIONAL,true,3,49,30.03.2018
MUSIC,DOMESTIC_EXPEDITED,false,0,49,30.09.2018
MUSIC,DOMESTIC,false,1,49,31.09.2018
VIDEO,INTERNATIONAL_EXPEDITED,true,2,49,10.10.2015
VIDEO,INTERNATIONAL,false,3,49,16.01.2018
VIDEO,DOMESTIC_EXPEDITED,false,0,49,16.02.2018
VIDEO,DOMESTIC,false,1,49,16.12.2017
VIDEO,INTERNATIONAL_EXPEDITED,true,3,49,20.12.2017
VIDEO,INTERNATIONAL,false,2,49,30.03.2018
VIDEO,DOMESTIC_EXPEDITED,false,1,49,30.09.2018
VIDEO,DOMESTIC,false,0,49,31.09.2018
WATCHES,INTERNATIONAL_EXPEDITED,true,3,49,10.10.2015
WATCHES,INTERNATIONAL,false,2,49,16.01.2018
WATCHES,DOMESTIC_EXPEDITED,false,1,49,16.02.2018
WATCHES,DOMESTIC,false,0,49,16.12.2017
WATCHES,INTERNATIONAL_EXPEDITED,false,2,49,20.12.2017
WATCHES,INTERNATIONAL,true,3,49,30.03.2018
WATCHES,DOMESTIC_EXPEDITED,false,0,49,30.09.2018
WATCHES,DOMESTIC,true,1,49,31.09.2018
BOOKS,DOMESTIC,true,1,50,10.10.2015
BOOKS,DOMESTIC_EXPEDITED,false,0,50,16.01.2018
BOOKS,INTERNATIONAL,true,3,50,16.02.2018
BOOKS,INTERNATIONAL_EXPEDITED,false,2,50,16.12.2017
BOOKS,DOMESTIC,true,0,50,20.12.2017
BOOKS,DOMESTIC_EXPEDITED,false,1,50,30.03.2018
BOOKS,INTERNATIONAL,true,2,50,30.09.2018
BOOKS,INTERNATIONAL_EXPEDITED,false,3,50,31.09.2018
CLOTHING,DOMESTIC_EXPEDITED,true,2,50,10.10.2015
CLOTHING,DOMESTIC,false,3,50,16.01.2018
CLOTHING,INTERNATIONAL_EXPEDITED,true,0,50,16.02.2018
CLOTHING,INTERNATIONAL,false,1,50,16.12.2017
CLOTHING,DOMESTIC_EXPEDITED,false,3,50,20.12.2017
CLOTHING,DOMESTIC,true,2,50,30.03.2018
CLOTHING,INTERNATIONAL_EXPEDITED,false,1,50,30.09.2018
CLOTHING,INTERNATIONAL,true,0,50,31.09.2018
ELECTRONICS,INTERNATIONAL,false,3,50,10.10.2015
ELECTRONICS,INTERNATIONAL_EXPEDITED,true,2,50,16.01.2018
ELECTRONICS,DOMESTIC,false,1,50,16.02.2018
ELECTRONICS,DOMESTIC_EXPEDITED,true,0,50,16.12.2017
ELECTRONICS,INTERNATIONAL,false,2,50,20.12.2017
ELECTRONICS,INTERNATIONAL_EXPEDITED,false,3,50,30.03.2018
ELECTRONICS,DOMESTIC,false,0,50,30.09.2018
ELECTRONICS,DOMESTIC_EXPEDITED,false,1,50,31.09.2018
FURNITUREDECOR,INTERNATIONAL_EXPEDITED,true,0,50,10.10.2015
FURNITUREDECOR,INTERNATIONAL,false,1,50,16.01.2018
FURNITUREDECOR,DOMESTIC_EXPEDITED,true,2,50,16.02.2018
FURNITUREDECOR,DOMESTIC,false,3,50,16.12.2017
FURNITUREDECOR,INTERNATIONAL_EXPEDITED,true,1,50,20.12.2017
FURNITUREDECOR,INTERNATIONAL,true,0,50,30.03.2018
FURNITUREDECOR,DOMESTIC_EXPEDITED,false,3,50,30.09.2018
FURNITUREDECOR,DOMESTIC,true,2,50,31.09.2018
JEWELRY,DOMESTIC,true,2,50,10.10.2015
JEWELRY,DOMESTIC_EXPEDITED,false,3,50,16.01.2018
JEWELRY,INTERNATIONAL,false,0,50,16.02.2018
JEWELRY,INTERNATIONAL_EXPEDITED,false,1,50,16.12.2017
JEWELRY,INTERNATIONAL,true,3,50,20.12.2017
JEWELRY,DOMESTIC,true,2,50,30.03.2018
JEWELRY,DOMESTIC_EXPEDITED,true,1,50,30.09.2018
JEWELRY,DOMESTIC,false,0,50,31.09.2018
MUSIC,DOMESTIC,true,0,50,10.10.2015
MUSIC,DOMESTIC_EXPEDITED,false,1,50,16.01.2018
MUSIC,INTERNATIONAL,true,2,50,16.02.2018
MUSIC,INTERNATIONAL_EXPEDITED,false,3,50,16.12.2017
MUSIC,DOMESTIC_EXPEDITED,true,3,50,20.12.2017
MUSIC,INTERNATIONAL,false,3,50,30.03.2018
MUSIC,INTERNATIONAL_EXPEDITED,false,2,50,30.09.2018
MUSIC,INTERNATIONAL,true,2,50,31.09.2018
VIDEO,DOMESTIC,true,0,50,10.10.2015
VIDEO,DOMESTIC_EXPEDITED,false,1,50,16.01.2018
VIDEO,INTERNATIONAL,true,2,50,16.02.2018
VIDEO,INTERNATIONAL_EXPEDITED,true,3,50,16.12.2017
VIDEO,DOMESTIC,false,0,50,20.12.2017
VIDEO,DOMESTIC,true,0,50,30.03.2018
VIDEO,INTERNATIONAL,false,1,50,30.09.2018
VIDEO,INTERNATIONAL_EXPEDITED,false,2,50,31.09.2018
WATCHES,DOMESTIC,true,0,50,10.10.2015
WATCHES,DOMESTIC_EXPEDITED,false,1,50,16.01.2018
WATCHES,INTERNATIONAL,true,2,50,16.02.2018
WATCHES,INTERNATIONAL_EXPEDITED,true,3,50,16.12.2017
WATCHES,INTERNATIONAL_EXPEDITED,false,1,50,20.12.2017
WATCHES,INTERNATIONAL_EXPEDITED,false,0,50,30.03.2018
WATCHES,DOMESTIC_EXPEDITED,false,2,50,30.09.2018
WATCHES,DOMESTIC,false,3,50,31.09.2018
BOOKS,DOMESTIC,true,0,48,10.10.2015
BOOKS,DOMESTIC_EXPEDITED,false,1,48,16.01.2018
BOOKS,INTERNATIONAL,true,2,48,16.02.2018
BOOKS,INTERNATIONAL_EXPEDITED,false,3,48,16.12.2017
BOOKS,DOMESTIC,true,1,48,20.12.2017
BOOKS,DOMESTIC_EXPEDITED,false,0,48,30.03.2018
BOOKS,INTERNATIONAL,true,3,48,30.09.2018
BOOKS,INTERNATIONAL_EXPEDITED,false,2,48,31.09.2018
CLOTHING,DOMESTIC_EXPEDITED,true,2,48,10.10.2015
CLOTHING,DOMESTIC,false,3,48,16.01.2018
CLOTHING,INTERNATIONAL_EXPEDITED,true,0,48,16.02.2018
CLOTHING,INTERNATIONAL,false,1,48,16.12.2017
CLOTHING,DOMESTIC_EXPEDITED,false,3,48,20.12.2017
CLOTHING,DOMESTIC,true,2,48,30.03.2018
CLOTHING,INTERNATIONAL_EXPEDITED,false,1,48,30.09.2018
CLOTHING,INTERNATIONAL,true,0,48,31.09.2018
ELECTRONICS,INTERNATIONAL,false,1,48,10.10.2015
ELECTRONICS,INTERNATIONAL_EXPEDITED,true,0,48,16.01.2018
ELECTRONICS,DOMESTIC,false,3,48,16.02.2018
ELECTRONICS,DOMESTIC_EXPEDITED,true,2,48,16.12.2017
ELECTRONICS,INTERNATIONAL,false,0,48,20.12.2017
ELECTRONICS,INTERNATIONAL_EXPEDITED,true,1,48,30.03.2018
ELECTRONICS,DOMESTIC,false,2,48,30.09.2018
ELECTRONICS,DOMESTIC_EXPEDITED,true,3,48,31.09.2018
FURNITUREDECOR,INTERNATIONAL_EXPEDITED,true,3,48,10.10.2015
FURNITUREDECOR,INTERNATIONAL,false,2,48,16.01.2018
FURNITUREDECOR,DOMESTIC_EXPEDITED,true,1,48,16.02.2018
FURNITUREDECOR,DOMESTIC,true,0,48,16.12.2017
FURNITUREDECOR,INTERNATIONAL_EXPEDITED,false,2,48,20.12.2017
FURNITUREDECOR,INTERNATIONAL,true,3,48,30.03.2018
FURNITUREDECOR,DOMESTIC_EXPEDITED,false,0,48,30.09.2018
FURNITUREDECOR,DOMESTIC,false,1,48,31.09.2018
JEWELRY,DOMESTIC,true,0,48,10.10.2015
JEWELRY,DOMESTIC_EXPEDITED,false,1,48,16.01.2018
JEWELRY,INTERNATIONAL,false,2,48,16.02.2018
JEWELRY,INTERNATIONAL_EXPEDITED,true,3,48,16.12.2017
JEWELRY,INTERNATIONAL_EXPEDITED,true,2,48,20.12.2017
JEWELRY,DOMESTIC_EXPEDITED,true,1,48,30.03.2018
JEWELRY,INTERNATIONAL_EXPEDITED,false,1,48,30.09.2018
JEWELRY,INTERNATIONAL,false,3,48,31.09.2018
MUSIC,DOMESTIC,true,0,48,10.10.2015
MUSIC,DOMESTIC_EXPEDITED,false,1,48,16.01.2018
MUSIC,INTERNATIONAL,false,2,48,16.02.2018
MUSIC,INTERNATIONAL_EXPEDITED,false,3,48,16.12.2017
MUSIC,DOMESTIC_EXPEDITED,true,1,48,20.12.2017
MUSIC,INTERNATIONAL_EXPEDITED,true,0,48,30.03.2018
MUSIC,DOMESTIC,true,0,48,30.09.2018
MUSIC,DOMESTIC,true,3,48,31.09.2018
VIDEO,DOMESTIC,true,0,48,10.10.2015
VIDEO,DOMESTIC_EXPEDITED,false,1,48,16.01.2018
VIDEO,INTERNATIONAL,false,2,48,16.02.2018
VIDEO,INTERNATIONAL_EXPEDITED,true,3,48,16.12.2017
VIDEO,INTERNATIONAL_EXPEDITED,false,2,48,20.12.2017
VIDEO,INTERNATIONAL,true,1,48,30.03.2018
VIDEO,DOMESTIC_EXPEDITED,false,2,48,30.09.2018
VIDEO,INTERNATIONAL,true,0,48,31.09.2018
WATCHES,DOMESTIC,true,0,48,10.10.2015
WATCHES,DOMESTIC_EXPEDITED,false,1,48,16.01.2018
WATCHES,INTERNATIONAL,true,2,48,16.02.2018
WATCHES,INTERNATIONAL_EXPEDITED,true,3,48,16.12.2017
WATCHES,DOMESTIC_EXPEDITED,true,3,48,20.12.2017
WATCHES,INTERNATIONAL_EXPEDITED,false,3,48,30.03.2018
WATCHES,DOMESTIC,true,2,48,30.09.2018
WATCHES,INTERNATIONAL,true,2,48,31.09.2018
BOOKS,DOMESTIC,true,0,6.99,10.10.2015
BOOKS,DOMESTIC_EXPEDITED,false,1,6.99,16.01.2018
BOOKS,INTERNATIONAL,true,2,6.99,16.02.2018
BOOKS,INTERNATIONAL_EXPEDITED,false,3,6.99,16.12.2017
BOOKS,DOMESTIC,true,1,6.99,20.12.2017
BOOKS,DOMESTIC_EXPEDITED,false,0,6.99,30.03.2018
BOOKS,INTERNATIONAL,true,3,6.99,30.09.2018
BOOKS,INTERNATIONAL_EXPEDITED,false,2,6.99,31.09.2018
CLOTHING,DOMESTIC_EXPEDITED,true,2,6.99,10.10.2015
CLOTHING,DOMESTIC,false,3,6.99,16.01.2018
CLOTHING,INTERNATIONAL_EXPEDITED,true,0,6.99,16.02.2018
CLOTHING,INTERNATIONAL,false,1,6.99,16.12.2017
CLOTHING,DOMESTIC_EXPEDITED,false,3,6.99,20.12.2017
CLOTHING,DOMESTIC,true,2,6.99,30.03.2018
CLOTHING,INTERNATIONAL_EXPEDITED,false,1,6.99,30.09.2018
CLOTHING,INTERNATIONAL,true,0,6.99,31.09.2018
ELECTRONICS,INTERNATIONAL,false,1,6.99,10.10.2015
ELECTRONICS,INTERNATIONAL_EXPEDITED,true,0,6.99,16.01.2018
ELECTRONICS,DOMESTIC,false,3,6.99,16.02.2018
ELECTRONICS,DOMESTIC_EXPEDITED,true,2,6.99,16.12.2017
ELECTRONICS,INTERNATIONAL,false,0,6.99,20.12.2017
ELECTRONICS,INTERNATIONAL_EXPEDITED,true,1,6.99,30.03.2018
ELECTRONICS,DOMESTIC,true,2,6.99,30.09.2018
ELECTRONICS,DOMESTIC_EXPEDITED,false,3,6.99,31.09.2018
FURNITUREDECOR,INTERNATIONAL_EXPEDITED,true,3,6.99,10.10.2015
FURNITUREDECOR,INTERNATIONAL,false,2,6.99,16.01.2018
FURNITUREDECOR,DOMESTIC_EXPEDITED,false,1,6.99,16.02.2018
FURNITUREDECOR,DOMESTIC,false,0,6.99,16.12.2017
FURNITUREDECOR,INTERNATIONAL_EXPEDITED,false,2,6.99,20.12.2017
FURNITUREDECOR,INTERNATIONAL,false,3,6.99,30.03.2018
FURNITUREDECOR,DOMESTIC_EXPEDITED,false,0,6.99,30.09.2018
FURNITUREDECOR,DOMESTIC,true,1,6.99,31.09.2018
JEWELRY,DOMESTIC,true,0,6.99,10.10.2015
JEWELRY,DOMESTIC_EXPEDITED,false,1,6.99,16.01.2018
JEWELRY,INTERNATIONAL,true,2,6.99,16.02.2018
JEWELRY,INTERNATIONAL_EXPEDITED,false,3,6.99,16.12.2017
JEWELRY,INTERNATIONAL,true,1,6.99,20.12.2017
JEWELRY,DOMESTIC,true,2,6.99,30.03.2018
JEWELRY,INTERNATIONAL,true,0,6.99,30.09.2018
JEWELRY,DOMESTIC_EXPEDITED,false,1,6.99,31.09.2018
MUSIC,DOMESTIC,true,0,6.99,10.10.2015
MUSIC,DOMESTIC_EXPEDITED,false,1,6.99,16.01.2018
MUSIC,INTERNATIONAL,false,2,6.99,16.02.2018
MUSIC,INTERNATIONAL_EXPEDITED,true,3,6.99,16.12.2017
MUSIC,DOMESTIC_EXPEDITED,true,1,6.99,20.12.2017
MUSIC,INTERNATIONAL_EXPEDITED,false,2,6.99,30.03.2018
MUSIC,INTERNATIONAL,false,2,6.99,30.09.2018
MUSIC,DOMESTIC_EXPEDITED,false,0,6.99,31.09.2018
VIDEO,DOMESTIC,true,0,6.99,10.10.2015
VIDEO,DOMESTIC_EXPEDITED,false,1,6.99,16.01.2018
VIDEO,INTERNATIONAL,true,2,6.99,16.02.2018
VIDEO,INTERNATIONAL_EXPEDITED,true,3,6.99,16.12.2017
VIDEO,INTERNATIONAL_EXPEDITED,true,1,6.99,20.12.2017
VIDEO,INTERNATIONAL,false,0,6.99,30.03.2018
VIDEO,DOMESTIC_EXPEDITED,false,0,6.99,30.09.2018
VIDEO,INTERNATIONAL_EXPEDITED,true,1,6.99,31.09.2018
WATCHES,DOMESTIC,true,0,6.99,10.10.2015
WATCHES,DOMESTIC_EXPEDITED,false,1,6.99,16.01.2018
WATCHES,INTERNATIONAL,true,2,6.99,16.02.2018
WATCHES,INTERNATIONAL_EXPEDITED,true,3,6.99,16.12.2017
WATCHES,INTERNATIONAL,true,1,6.99,20.12.2017
WATCHES,INTERNATIONAL,true,1,6.99,30.03.2018
WATCHES,INTERNATIONAL,false,1,6.99,30.09.2018
WATCHES,INTERNATIONAL_EXPEDITED,false,3,6.99,31.09.2018
BOOKS,DOMESTIC,true,0,11.99,10.10.2015
BOOKS,DOMESTIC_EXPEDITED,false,1,11.99,16.01.2018
BOOKS,INTERNATIONAL,true,2,11.99,16.02.2018
BOOKS,INTERNATIONAL_EXPEDITED,false,3,11.99,16.12.2017
BOOKS,DOMESTIC,true,1,11.99,20.12.2017
BOOKS,DOMESTIC_EXPEDITED,false,0,11.99,30.03.2018
BOOKS,INTERNATIONAL,true,3,11.99,30.09.2018
BOOKS,INTERNATIONAL_EXPEDITED,false,2,11.99,31.09.2018
CLOTHING,DOMESTIC_EXPEDITED,true,2,11.99,10.10.2015
CLOTHING,DOMESTIC,false,3,11.99,16.01.2018
CLOTHING,INTERNATIONAL_EXPEDITED,true,0,11.99,16.02.2018
CLOTHING,INTERNATIONAL,false,1,11.99,16.12.2017
CLOTHING,DOMESTIC_EXPEDITED,false,3,11.99,20.12.2017
CLOTHING,DOMESTIC,true,2,11.99,30.03.2018
CLOTHING,INTERNATIONAL_EXPEDITED,false,1,11.99,30.09.2018
CLOTHING,INTERNATIONAL,true,0,11.99,31.09.2018
ELECTRONICS,INTERNATIONAL,false,1,11.99,10.10.2015
ELECTRONICS,INTERNATIONAL_EXPEDITED,true,0,11.99,16.01.2018
ELECTRONICS,DOMESTIC,false,3,11.99,16.02.2018
ELECTRONICS,DOMESTIC_EXPEDITED,true,2,11.99,16.12.2017
ELECTRONICS,INTERNATIONAL,false,0,11.99,20.12.2017
ELECTRONICS,INTERNATIONAL_EXPEDITED,true,1,11.99,30.03.2018
ELECTRONICS,DOMESTIC,false,2,11.99,30.09.2018
ELECTRONICS,DOMESTIC_EXPEDITED,true,3,11.99,31.09.2018
FURNITUREDECOR,INTERNATIONAL_EXPEDITED,true,3,11.99,10.10.2015
FURNITUREDECOR,INTERNATIONAL,false,2,11.99,16.01.2018
FURNITUREDECOR,DOMESTIC_EXPEDITED,true,1,11.99,16.02.2018
FURNITUREDECOR,DOMESTIC,false,0,11.99,16.12.2017
FURNITUREDECOR,INTERNATIONAL_EXPEDITED,false,2,11.99,20.12.2017
FURNITUREDECOR,INTERNATIONAL,false,3,11.99,30.03.2018
FURNITUREDECOR,DOMESTIC_EXPEDITED,false,0,11.99,30.09.2018
FURNITUREDECOR,DOMESTIC,true,1,11.99,31.09.2018
JEWELRY,DOMESTIC,true,0,11.99,10.10.2015
JEWELRY,DOMESTIC_EXPEDITED,false,1,11.99,16.01.2018
JEWELRY,INTERNATIONAL,false,2,11.99,16.02.2018
JEWELRY,INTERNATIONAL_EXPEDITED,true,3,11.99,16.12.2017
JEWELRY,DOMESTIC,false,3,11.99,20.12.2017
JEWELRY,INTERNATIONAL,true,2,11.99,30.03.2018
JEWELRY,INTERNATIONAL_EXPEDITED,false,3,11.99,30.09.2018
JEWELRY,DOMESTIC_EXPEDITED,true,2,11.99,31.09.2018
MUSIC,DOMESTIC,true,0,11.99,10.10.2015
MUSIC,DOMESTIC_EXPEDITED,false,1,11.99,16.01.2018
MUSIC,INTERNATIONAL,true,2,11.99,16.02.2018
MUSIC,INTERNATIONAL_EXPEDITED,false,3,11.99,16.12.2017
MUSIC,INTERNATIONAL_EXPEDITED,true,0,11.99,20.12.2017
MUSIC,DOMESTIC_EXPEDITED,false,0,11.99,30.03.2018
MUSIC,INTERNATIONAL,false,0,11.99,30.09.2018
MUSIC,INTERNATIONAL,false,1,11.99,31.09.2018
VIDEO,DOMESTIC,true,0,11.99,10.10.2015
VIDEO,DOMESTIC_EXPEDITED,false,1,11.99,16.01.2018
VIDEO,INTERNATIONAL,false,2,11.99,16.02.2018
VIDEO,INTERNATIONAL_EXPEDITED,true,3,11.99,16.12.2017
VIDEO,DOMESTIC,true,2,11.99,20.12.2017
VIDEO,DOMESTIC_EXPEDITED,false,2,11.99,30.03.2018
VIDEO,DOMESTIC_EXPEDITED,false,3,11.99,30.09.2018
VIDEO,DOMESTIC,true,3,11.99,31.09.2018
WATCHES,DOMESTIC,true,0,11.99,10.10.2015
WATCHES,DOMESTIC_EXPEDITED,false,1,11.99,16.01.2018
WATCHES,INTERNATIONAL,false,2,11.99,16.02.2018
WATCHES,INTERNATIONAL_EXPEDITED,true,3,11.99,16.12.2017
WATCHES,DOMESTIC,true,2,11.99,20.12.2017
WATCHES,INTERNATIONAL,true,1,11.99,30.03.2018
WATCHES,INTERNATIONAL,true,1,11.99,30.09.2018
WATCHES,DOMESTIC,true,1,11.99,31.09.2018
BOOKS,DOMESTIC,true,0,24.99,10.10.2015
BOOKS,DOMESTIC_EXPEDITED,false,1,24.99,16.01.2018
BOOKS,INTERNATIONAL,true,2,24.99,16.02.2018
BOOKS,INTERNATIONAL_EXPEDITED,false,3,24.99,16.12.2017
BOOKS,DOMESTIC,true,1,24.99,20.12.2017
BOOKS,DOMESTIC_EXPEDITED,false,0,24.99,30.03.2018
BOOKS,INTERNATIONAL,true,3,24.99,30.09.2018
BOOKS,INTERNATIONAL_EXPEDITED,false,2,24.99,31.09.2018
CLOTHING,DOMESTIC_EXPEDITED,true,2,24.99,10.10.2015
CLOTHING,DOMESTIC,false,3,24.99,16.01.2018
CLOTHING,INTERNATIONAL_EXPEDITED,true,0,24.99,16.02.2018
CLOTHING,INTERNATIONAL,false,1,24.99,16.12.2017
CLOTHING,DOMESTIC_EXPEDITED,false,3,24.99,20.12.2017
CLOTHING,DOMESTIC,true,2,24.99,30.03.2018
CLOTHING,INTERNATIONAL_EXPEDITED,false,1,24.99,30.09.2018
CLOTHING,INTERNATIONAL,true,0,24.99,31.09.2018
ELECTRONICS,INTERNATIONAL,false,1,24.99,10.10.2015
ELECTRONICS,INTERNATIONAL_EXPEDITED,true,0,24.99,16.01.2018
ELECTRONICS,DOMESTIC,false,3,24.99,16.02.2018
ELECTRONICS,DOMESTIC_EXPEDITED,true,2,24.99,16.12.2017
ELECTRONICS,INTERNATIONAL,true,0,24.99,20.12.2017
ELECTRONICS,INTERNATIONAL_EXPEDITED,true,1,24.99,30.03.2018
ELECTRONICS,DOMESTIC,true,2,24.99,30.09.2018
ELECTRONICS,DOMESTIC_EXPEDITED,true,3,24.99,31.09.2018
FURNITUREDECOR,INTERNATIONAL_EXPEDITED,true,3,24.99,10.10.2015
FURNITUREDECOR,INTERNATIONAL,false,2,24.99,16.01.2018
FURNITUREDECOR,DOMESTIC_EXPEDITED,false,1,24.99,16.02.2018
FURNITUREDECOR,DOMESTIC,true,0,24.99,16.12.2017
FURNITUREDECOR,INTERNATIONAL_EXPEDITED,true,2,24.99,20.12.2017
FURNITUREDECOR,INTERNATIONAL,false,3,24.99,30.03.2018
FURNITUREDECOR,DOMESTIC_EXPEDITED,true,0,24.99,30.09.2018
FURNITUREDECOR,DOMESTIC,false,1,24.99,31.09.2018
JEWELRY,DOMESTIC,true,0,24.99,10.10.2015
JEWELRY,DOMESTIC_EXPEDITED,false,1,24.99,16.01.2018
JEWELRY,INTERNATIONAL,false,2,24.99,16.02.2018
JEWELRY,INTERNATIONAL_EXPEDITED,false,3,24.99,16.12.2017
JEWELRY,INTERNATIONAL,true,3,24.99,20.12.2017
JEWELRY,INTERNATIONAL,false,2,24.99,30.03.2018
JEWELRY,DOMESTIC,true,0,24.99,30.09.2018
JEWELRY,INTERNATIONAL_EXPEDITED,false,3,24.99,31.09.2018
MUSIC,DOMESTIC,true,0,24.99,10.10.2015
MUSIC,DOMESTIC_EXPEDITED,false,1,24.99,16.01.2018
MUSIC,INTERNATIONAL,true,2,24.99,16.02.2018
MUSIC,INTERNATIONAL_EXPEDITED,false,3,24.99,16.12.2017
MUSIC,INTERNATIONAL_EXPEDITED,false,0,24.99,20.12.2017
MUSIC,DOMESTIC,false,2,24.99,30.03.2018
MUSIC,DOMESTIC_EXPEDITED,false,0,24.99,30.09.2018
MUSIC,DOMESTIC_EXPEDITED,false,3,24.99,31.09.2018
VIDEO,DOMESTIC,true,0,24.99,10.10.2015
VIDEO,DOMESTIC_EXPEDITED,false,1,24.99,16.01.2018
VIDEO,INTERNATIONAL,true,2,24.99,16.02.2018
VIDEO,INTERNATIONAL_EXPEDITED,true,3,24.99,16.12.2017
VIDEO,INTERNATIONAL_EXPEDITED,true,1,24.99,20.12.2017
VIDEO,INTERNATIONAL_EXPEDITED,false,1,24.99,30.03.2018
VIDEO,INTERNATIONAL,true,3,24.99,30.09.2018
VIDEO,INTERNATIONAL_EXPEDITED,true,0,24.99,31.09.2018
WATCHES,DOMESTIC,true,0,24.99,10.10.2015
WATCHES,DOMESTIC_EXPEDITED,false,1,24.99,16.01.2018
WATCHES,INTERNATIONAL,true,2,24.99,16.02.2018
WATCHES,INTERNATIONAL_EXPEDITED,false,3,24.99,16.12.2017
WATCHES,DOMESTIC,false,3,24.99,20.12.2017
WATCHES,INTERNATIONAL,false,2,24.99,30.03.2018
WATCHES,DOMESTIC_EXPEDITED,false,1,24.99,30.09.2018
WATCHES,DOMESTIC,true,0,24.99,31.09.2018
BOOKS,DOMESTIC,true,0,3.79,10.10.2015
BOOKS,DOMESTIC_EXPEDITED,false,1,3.79,16.01.2018
BOOKS,INTERNATIONAL,true,2,3.79,16.02.2018
BOOKS,INTERNATIONAL_EXPEDITED,false,3,3.79,16.12.2017
BOOKS,DOMESTIC,true,1,3.79,20.12.2017
BOOKS,DOMESTIC_EXPEDITED,false,0,3.79,30.03.2018
BOOKS,INTERNATIONAL,true,3,3.79,30.09.2018
BOOKS,INTERNATIONAL_EXPEDITED,false,2,3.79,31.09.2018
CLOTHING,DOMESTIC_EXPEDITED,true,2,3.79,10.10.2015
CLOTHING,DOMESTIC,false,3,3.79,16.01.2018
CLOTHING,INTERNATIONAL_EXPEDITED,true,0,3.79,16.02.2018
CLOTHING,INTERNATIONAL,false,1,3.79,16.12.2017
CLOTHING,DOMESTIC_EXPEDITED,false,3,3.79,20.12.2017
CLOTHING,DOMESTIC,true,2,3.79,30.03.2018
CLOTHING,INTERNATIONAL_EXPEDITED,false,1,3.79,30.09.2018
CLOTHING,INTERNATIONAL,true,0,3.79,31.09.2018
ELECTRONICS,INTERNATIONAL,false,1,3.79,10.10.2015
ELECTRONICS,INTERNATIONAL_EXPEDITED,true,0,3.79,16.01.2018
ELECTRONICS,DOMESTIC,false,3,3.79,16.02.2018
ELECTRONICS,DOMESTIC_EXPEDITED,true,2,3.79,16.12.2017
ELECTRONICS,INTERNATIONAL,true,0,3.79,20.12.2017
ELECTRONICS,INTERNATIONAL_EXPEDITED,true,1,3.79,30.03.2018
ELECTRONICS,DOMESTIC,true,2,3.79,30.09.2018
ELECTRONICS,DOMESTIC_EXPEDITED,true,3,3.79,31.09.2018
FURNITUREDECOR,INTERNATIONAL_EXPEDITED,true,3,3.79,10.10.2015
FURNITUREDECOR,INTERNATIONAL,false,2,3.79,16.01.2018
FURNITUREDECOR,DOMESTIC_EXPEDITED,false,1,3.79,16.02.2018
FURNITUREDECOR,DOMESTIC,false,0,3.79,16.12.2017
FURNITUREDECOR,INTERNATIONAL_EXPEDITED,true,2,3.79,20.12.2017
FURNITUREDECOR,INTERNATIONAL,true,3,3.79,30.03.2018
FURNITUREDECOR,DOMESTIC_EXPEDITED,false,0,3.79,30.09.2018
FURNITUREDECOR,DOMESTIC,false,1,3.79,31.09.2018
JEWELRY,DOMESTIC,true,0,3.79,10.10.2015
JEWELRY,DOMESTIC_EXPEDITED,false,1,3.79,16.01.2018
JEWELRY,INTERNATIONAL,false,2,3.79,16.02.2018
JEWELRY,INTERNATIONAL_EXPEDITED,false,3,3.79,16.12.2017
JEWELRY,INTERNATIONAL,true,1,3.79,20.12.2017
JEWELRY,DOMESTIC_EXPEDITED,false,1,3.79,30.03.2018
JEWELRY,DOMESTIC_EXPEDITED,false,2,3.79,30.09.2018
JEWELRY,INTERNATIONAL_EXPEDITED,true,0,3.79,31.09.2018
MUSIC,DOMESTIC,true,0,3.79,10.10.2015
MUSIC,DOMESTIC_EXPEDITED,false,1,3.79,16.01.2018
MUSIC,INTERNATIONAL,true,2,3.79,16.02.2018
MUSIC,INTERNATIONAL_EXPEDITED,false,3,3.79,16.12.2017
MUSIC,INTERNATIONAL_EXPEDITED,false,0,3.79,20.12.2017
MUSIC,DOMESTIC_EXPEDITED,true,3,3.79,30.03.2018
MUSIC,DOMESTIC,true,0,3.79,30.09.2018
MUSIC,DOMESTIC,false,2,3.79,31.09.2018
VIDEO,DOMESTIC,true,0,3.79,10.10.2015
VIDEO,DOMESTIC_EXPEDITED,false,1,3.79,16.01.2018
VIDEO,INTERNATIONAL,false,2,3.79,16.02.2018
VIDEO,INTERNATIONAL_EXPEDITED,true,3,3.79,16.12.2017
VIDEO,DOMESTIC_EXPEDITED,true,3,3.79,20.12.2017
VIDEO,DOMESTIC_EXPEDITED,true,0,3.79,30.03.2018
VIDEO,INTERNATIONAL_EXPEDITED,false,2,3.79,30.09.2018
VIDEO,DOMESTIC_EXPEDITED,true,1,3.79,31.09.2018
WATCHES,DOMESTIC,true,0,3.79,10.10.2015
WATCHES,DOMESTIC_EXPEDITED,false,1,3.79,16.01.2018
WATCHES,INTERNATIONAL,true,2,3.79,16.02.2018
WATCHES,INTERNATIONAL_EXPEDITED,true,3,3.79,16.12.2017
WATCHES,INTERNATIONAL_EXPEDITED,false,0,3.79,20.12.2017
WATCHES,INTERNATIONAL,false,2,3.79,30.03.2018
WATCHES,INTERNATIONAL,true,0,3.79,30.09.2018
WATCHES,INTERNATIONAL,false,0,3.79,31.09.2018
BOOKS,DOMESTIC,true,0,2.99,10.10.2015
BOOKS,DOMESTIC_EXPEDITED,false,1,2.99,16.01.2018
BOOKS,INTERNATIONAL,true,2,2.99,16.02.2018
BOOKS,INTERNATIONAL_EXPEDITED,false,3,2.99,16.12.2017
BOOKS,DOMESTIC,true,1,2.99,20.12.2017
BOOKS,DOMESTIC_EXPEDITED,false,0,2.99,30.03.2018
BOOKS,INTERNATIONAL,true,3,2.99,30.09.2018
BOOKS,INTERNATIONAL_EXPEDITED,false,2,2.99,31.09.2018
CLOTHING,DOMESTIC_EXPEDITED,true,2,2.99,10.10.2015
CLOTHING,DOMESTIC,false,3,2.99,16.01.2018
CLOTHING,INTERNATIONAL_EXPEDITED,true,0,2.99,16.02.2018
CLOTHING,INTERNATIONAL,false,1,2.99,16.12.2017
CLOTHING,DOMESTIC_EXPEDITED,false,3,2.99,20.12.2017
CLOTHING,DOMESTIC,true,2,2.99,30.03.2018
CLOTHING,INTERNATIONAL_EXPEDITED,false,1,2.99,30.09.2018
CLOTHING,INTERNATIONAL,true,0,2.99,31.09.2018
ELECTRONICS,INTERNATIONAL,false,1,2.99,10.10.2015
ELECTRONICS,INTERNATIONAL_EXPEDITED,true,0,2.99,16.01.2018
ELECTRONICS,DOMESTIC,false,3,2.99,16.02.2018
ELECTRONICS,DOMESTIC_EXPEDITED,true,2,2.99,16.12.2017
ELECTRONICS,INTERNATIONAL,false,0,2.99,20.12.2017
ELECTRONICS,INTERNATIONAL_EXPEDITED,false,1,2.99,30.03.2018
ELECTRONICS,DOMESTIC,false,2,2.99,30.09.2018
ELECTRONICS,DOMESTIC_EXPEDITED,true,3,2.99,31.09.2018
FURNITUREDECOR,INTERNATIONAL_EXPEDITED,true,3,2.99,10.10.2015
FURNITUREDECOR,INTERNATIONAL,false,2,2.99,16.01.2018
FURNITUREDECOR,DOMESTIC_EXPEDITED,true,1,2.99,16.02.2018
FURNITUREDECOR,DOMESTIC,false,0,2.99,16.12.2017
FURNITUREDECOR,INTERNATIONAL_EXPEDITED,false,2,2.99,20.12.2017
FURNITUREDECOR,INTERNATIONAL,false,3,2.99,30.03.2018
FURNITUREDECOR,DOMESTIC_EXPEDITED,false,0,2.99,30.09.2018
FURNITUREDECOR,DOMESTIC,false,1,2.99,31.09.2018
JEWELRY,DOMESTIC,true,0,2.99,10.10.2015
JEWELRY,DOMESTIC_EXPEDITED,false,1,2.99,16.01.2018
JEWELRY,INTERNATIONAL,false,2,2.99,16.02.2018
JEWELRY,INTERNATIONAL_EXPEDITED,false,3,2.99,16.12.2017
JEWELRY,INTERNATIONAL,true,2,2.99,20.12.2017
JEWELRY,INTERNATIONAL,false,0,2.99,30.03.2018
JEWELRY,DOMESTIC_EXPEDITED,false,1,2.99,30.09.2018
JEWELRY,INTERNATIONAL_EXPEDITED,true,3,2.99,31.09.2018
MUSIC,DOMESTIC,true,0,2.99,10.10.2015
MUSIC,DOMESTIC_EXPEDITED,false,1,2.99,16.01.2018
MUSIC,INTERNATIONAL,false,2,2.99,16.02.2018
MUSIC,INTERNATIONAL_EXPEDITED,true,3,2.99,16.12.2017
MUSIC,DOMESTIC,false,3,2.99,20.12.2017
MUSIC,DOMESTIC,false,3,2.99,30.03.2018
MUSIC,DOMESTIC,true,0,2.99,30.09.2018
MUSIC,INTERNATIONAL,true,2,2.99,31.09.2018
VIDEO,DOMESTIC,true,0,2.99,10.10.2015
VIDEO,DOMESTIC_EXPEDITED,false,1,2.99,16.01.2018
VIDEO,INTERNATIONAL,true,2,2.99,16.02.2018
VIDEO,INTERNATIONAL_EXPEDITED,true,3,2.99,16.12.2017
VIDEO,DOMESTIC_EXPEDITED,true,0,2.99,20.12.2017
VIDEO,INTERNATIONAL_EXPEDITED,true,1,2.99,30.03.2018
VIDEO,DOMESTIC,true,3,2.99,30.09.2018
VIDEO,DOMESTIC_EXPEDITED,true,2,2.99,31.09.2018
WATCHES,DOMESTIC,true,0,2.99,10.10.2015
WATCHES,DOMESTIC_EXPEDITED,false,1,2.99,16.01.2018
WATCHES,INTERNATIONAL,true,2,2.99,16.02.2018
WATCHES,INTERNATIONAL_EXPEDITED,true,3,2.99,16.12.2017
WATCHES,DOMESTIC_EXPEDITED,true,3,2.99,20.12.2017
WATCHES,INTERNATIONAL_EXPEDITED,false,2,2.99,30.03.2018
WATCHES,DOMESTIC_EXPEDITED,true,3,2.99,30.09.2018
WATCHES,DOMESTIC_EXPEDITED,false,3,2.99,31.09.2018
BOOKS,DOMESTIC,true,0,6.67,10.10.2015
BOOKS,DOMESTIC_EXPEDITED,false,1,6.67,16.01.2018
BOOKS,INTERNATIONAL,true,2,6.67,16.02.2018
BOOKS,INTERNATIONAL_EXPEDITED,false,3,6.67,16.12.2017
BOOKS,DOMESTIC,true,1,6.67,20.12.2017
BOOKS,DOMESTIC_EXPEDITED,false,0,6.67,30.03.2018
BOOKS,INTERNATIONAL,true,3,6.67,30.09.2018
BOOKS,INTERNATIONAL_EXPEDITED,false,2,6.67,31.09.2018
CLOTHING,DOMESTIC_EXPEDITED,true,2,6.67,10.10.2015
CLOTHING,DOMESTIC,false,3,6.67,16.01.2018
CLOTHING,INTERNATIONAL_EXPEDITED,true,0,6.67,16.02.2018
CLOTHING,INTERNATIONAL,false,1,6.67,16.12.2017
CLOTHING,DOMESTIC_EXPEDITED,false,3,6.67,20.12.2017
CLOTHING,DOMESTIC,true,2,6.67,30.03.2018
CLOTHING,INTERNATIONAL_EXPEDITED,false,1,6.67,30.09.2018
CLOTHING,INTERNATIONAL,true,0,6.67,31.09.2018
ELECTRONICS,INTERNATIONAL,false,1,6.67,10.10.2015
ELECTRONICS,INTERNATIONAL_EXPEDITED,true,0,6.67,16.01.2018
ELECTRONICS,DOMESTIC,false,3,6.67,16.02.2018
ELECTRONICS,DOMESTIC_EXPEDITED,true,2,6.67,16.12.2017
ELECTRONICS,INTERNATIONAL,false,0,6.67,20.12.2017
ELECTRONICS,INTERNATIONAL_EXPEDITED,true,1,6.67,30.03.2018
ELECTRONICS,DOMESTIC,true,2,6.67,30.09.2018
ELECTRONICS,DOMESTIC_EXPEDITED,true,3,6.67,31.09.2018
FURNITUREDECOR,INTERNATIONAL_EXPEDITED,true,3,6.67,10.10.2015
FURNITUREDECOR,INTERNATIONAL,false,2,6.67,16.01.2018
FURNITUREDECOR,DOMESTIC_EXPEDITED,false,1,6.67,16.02.2018
FURNITUREDECOR,DOMESTIC,true,0,6.67,16.12.2017
FURNITUREDECOR,INTERNATIONAL_EXPEDITED,false,2,6.67,20.12.2017
FURNITUREDECOR,INTERNATIONAL,true,3,6.67,30.03.2018
FURNITUREDECOR,DOMESTIC_EXPEDITED,false,0,6.67,30.09.2018
FURNITUREDECOR,DOMESTIC,true,1,6.67,31.09.2018
JEWELRY,DOMESTIC,true,0,6.67,10.10.2015
JEWELRY,DOMESTIC_EXPEDITED,false,1,6.67,16.01.2018
JEWELRY,INTERNATIONAL,true,2,6.67,16.02.2018
JEWELRY,INTERNATIONAL_EXPEDITED,true,3,6.67,16.12.2017
JEWELRY,DOMESTIC_EXPEDITED,false,3,6.67,20.12.2017
JEWELRY,INTERNATIONAL,true,0,6.67,30.03.2018
JEWELRY,DOMESTIC,false,2,6.67,30.09.2018
JEWELRY,INTERNATIONAL_EXPEDITED,false,1,6.67,31.09.2018
MUSIC,DOMESTIC,true,0,6.67,10.10.2015
MUSIC,DOMESTIC_EXPEDITED,false,1,6.67,16.01.2018
MUSIC,INTERNATIONAL,false,2,6.67,16.02.2018
MUSIC,INTERNATIONAL_EXPEDITED,false,3,6.67,16.12.2017
MUSIC,DOMESTIC_EXPEDITED,true,0,6.67,20.12.2017
MUSIC,DOMESTIC,true,0,6.67,30.03.2018
MUSIC,DOMESTIC,true,3,6.67,30.09.2018
MUSIC,INTERNATIONAL,false,1,6.67,31.09.2018
VIDEO,DOMESTIC,true,0,6.67,10.10.2015
VIDEO,DOMESTIC_EXPEDITED,false,1,6.67,16.01.2018
VIDEO,INTERNATIONAL,false,2,6.67,16.02.2018
VIDEO,INTERNATIONAL_EXPEDITED,false,3,6.67,16.12.2017
VIDEO,INTERNATIONAL_EXPEDITED,true,3,6.67,20.12.2017
VIDEO,INTERNATIONAL,true,2,6.67,30.03.2018
VIDEO,DOMESTIC_EXPEDITED,true,3,6.67,30.09.2018
VIDEO,DOMESTIC_EXPEDITED,true,3,6.67,31.09.2018
WATCHES,DOMESTIC,true,0,6.67,10.10.2015
WATCHES,DOMESTIC_EXPEDITED,false,1,6.67,16.01.2018
WATCHES,INTERNATIONAL,false,2,6.67,16.02.2018
WATCHES,INTERNATIONAL_EXPEDITED,true,3,6.67,16.12.2017
WATCHES,DOMESTIC,true,3,6.67,20.12.2017
WATCHES,INTERNATIONAL,true,3,6.67,30.03.2018
WATCHES,DOMESTIC_EXPEDITED,false,0,6.67,30.09.2018
WATCHES,DOMESTIC,false,3,6.67,31.09.2018
BOOKS,DOMESTIC,true,0,6.5,10.10.2015
BOOKS,DOMESTIC_EXPEDITED,false,1,6.5,16.01.2018
BOOKS,INTERNATIONAL,true,2,6.5,16.02.2018
BOOKS,INTERNATIONAL_EXPEDITED,false,3,6.5,16.12.2017
BOOKS,DOMESTIC,true,1,6.5,20.12.2017
BOOKS,DOMESTIC_EXPEDITED,false,0,6.5,30.03.2018
BOOKS,INTERNATIONAL,true,3,6.5,30.09.2018
BOOKS,INTERNATIONAL_EXPEDITED,false,2,6.5,31.09.2018
CLOTHING,DOMESTIC_EXPEDITED,true,2,6.5,10.10.2015
CLOTHING,DOMESTIC,false,3,6.5,16.01.2018
CLOTHING,INTERNATIONAL_EXPEDITED,true,0,6.5,16.02.2018
CLOTHING,INTERNATIONAL,false,1,6.5,16.12.2017
CLOTHING,DOMESTIC_EXPEDITED,false,3,6.5,20.12.2017
CLOTHING,DOMESTIC,true,2,6.5,30.03.2018
CLOTHING,INTERNATIONAL_EXPEDITED,false,1,6.5,30.09.2018
CLOTHING,INTERNATIONAL,true,0,6.5,31.09.2018
ELECTRONICS,INTERNATIONAL,false,1,6.5,10.10.2015
ELECTRONICS,INTERNATIONAL_EXPEDITED,true,0,6.5,16.01.2018
ELECTRONICS,DOMESTIC,false,3,6.5,16.02.2018
ELECTRONICS,DOMESTIC_EXPEDITED,true,2,6.5,16.12.2017
ELECTRONICS,INTERNATIONAL,true,0,6.5,20.12.2017
ELECTRONICS,INTERNATIONAL_EXPEDITED,false,1,6.5,30.03.2018
ELECTRONICS,DOMESTIC,false,2,6.5,30.09.2018
ELECTRONICS,DOMESTIC_EXPEDITED,true,3,6.5,31.09.2018
FURNITUREDECOR,INTERNATIONAL_EXPEDITED,true,3,6.5,10.10.2015
FURNITUREDECOR,INTERNATIONAL,false,2,6.5,16.01.2018
FURNITUREDECOR,DOMESTIC_EXPEDITED,false,1,6.5,16.02.2018
FURNITUREDECOR,DOMESTIC,false,0,6.5,16.12.2017
FURNITUREDECOR,INTERNATIONAL_EXPEDITED,false,2,6.5,20.12.2017
FURNITUREDECOR,INTERNATIONAL,false,3,6.5,30.03.2018
FURNITUREDECOR,DOMESTIC_EXPEDITED,true,0,6.5,30.09.2018
FURNITUREDECOR,DOMESTIC,false,1,6.5,31.09.2018
JEWELRY,DOMESTIC,true,0,6.5,10.10.2015
JEWELRY,DOMESTIC_EXPEDITED,false,1,6.5,16.01.2018
JEWELRY,INTERNATIONAL,true,2,6.5,16.02.2018
JEWELRY,INTERNATIONAL_EXPEDITED,true,3,6.5,16.12.2017
JEWELRY,DOMESTIC_EXPEDITED,true,0,6.5,20.12.2017
JEWELRY,INTERNATIONAL_EXPEDITED,true,0,6.5,30.03.2018
JEWELRY,DOMESTIC_EXPEDITED,true,3,6.5,30.09.2018
JEWELRY,INTERNATIONAL_EXPEDITED,false,0,6.5,31.09.2018
MUSIC,DOMESTIC,true,0,6.5,10.10.2015
MUSIC,DOMESTIC_EXPEDITED,false,1,6.5,16.01.2018
MUSIC,INTERNATIONAL,false,2,6.5,16.02.2018
MUSIC,INTERNATIONAL_EXPEDITED,false,3,6.5,16.12.2017
MUSIC,INTERNATIONAL_EXPEDITED,true,0,6.5,20.12.2017
MUSIC,INTERNATIONAL,true,3,6.5,30.03.2018
MUSIC,DOMESTIC,false,2,6.5,30.09.2018
MUSIC,DOMESTIC,false,1,6.5,31.09.2018
VIDEO,DOMESTIC,true,0,6.5,10.10.2015
VIDEO,DOMESTIC_EXPEDITED,false,1,6.5,16.01.2018
VIDEO,INTERNATIONAL,false,2,6.5,16.02.2018
VIDEO,INTERNATIONAL_EXPEDITED,true,3,6.5,16.12.2017
VIDEO,DOMESTIC,true,0,6.5,20.12.2017
VIDEO,INTERNATIONAL,true,3,6.5,30.03.2018
VIDEO,DOMESTIC_EXPEDITED,true,0,6.5,30.09.2018
VIDEO,DOMESTIC,false,0,6.5,31.09.2018
WATCHES,DOMESTIC,true,0,6.5,10.10.2015
WATCHES,DOMESTIC_EXPEDITED,false,1,6.5,16.01.2018
WATCHES,INTERNATIONAL,false,2,6.5,16.02.2018
WATCHES,INTERNATIONAL_EXPEDITED,false,3,6.5,16.12.2017
WATCHES,DOMESTIC_EXPEDITED,false,3,6.5,20.12.2017
WATCHES,DOMESTIC,false,2,6.5,30.03.2018
WATCHES,INTERNATIONAL,true,1,6.5,30.09.2018
WATCHES,DOMESTIC_EXPEDITED,false,0,6.5,31.09.2018
BOOKS,DOMESTIC,true,0,12.5,10.10.2015
BOOKS,DOMESTIC_EXPEDITED,false,1,12.5,16.01.2018
BOOKS,INTERNATIONAL,true,2,12.5,16.02.2018
BOOKS,INTERNATIONAL_EXPEDITED,false,3,12.5,16.12.2017
BOOKS,DOMESTIC,true,1,12.5,20.12.2017
BOOKS,DOMESTIC_EXPEDITED,false,0,12.5,30.03.2018
BOOKS,INTERNATIONAL,true,3,12.5,30.09.2018
BOOKS,INTERNATIONAL_EXPEDITED,false,2,12.5,31.09.2018
CLOTHING,DOMESTIC_EXPEDITED,true,2,12.5,10.10.2015
CLOTHING,DOMESTIC,false,3,12.5,16.01.2018
CLOTHING,INTERNATIONAL_EXPEDITED,true,0,12.5,16.02.2018
CLOTHING,INTERNATIONAL,false,1,12.5,16.12.2017
CLOTHING,DOMESTIC_EXPEDITED,false,3,12.5,20.12.2017
CLOTHING,DOMESTIC,true,2,12.5,30.03.2018
CLOTHING,INTERNATIONAL_EXPEDITED,false,1,12.5,30.09.2018
CLOTHING,INTERNATIONAL,true,0,12.5,31.09.2018
ELECTRONICS,INTERNATIONAL,false,1,12.5,10.10.2015
ELECTRONICS,INTERNATIONAL_EXPEDITED,true,0,12.5,16.01.2018
ELECTRONICS,DOMESTIC,false,3,12.5,16.02.2018
ELECTRONICS,DOMESTIC_EXPEDITED,true,2,12.5,16.12.2017
ELECTRONICS,INTERNATIONAL,true,0,12.5,20.12.2017
ELECTRONICS,INTERNATIONAL_EXPEDITED,true,1,12.5,30.03.2018
ELECTRONICS,DOMESTIC,true,2,12.5,30.09.2018
ELECTRONICS,DOMESTIC_EXPEDITED,false,3,12.5,31.09.2018
FURNITUREDECOR,INTERNATIONAL_EXPEDITED,true,3,12.5,10.10.2015
FURNITUREDECOR,INTERNATIONAL,false,2,12.5,16.01.2018
FURNITUREDECOR,DOMESTIC_EXPEDITED,false,1,12.5,16.02.2018
FURNITUREDECOR,DOMESTIC,true,0,12.5,16.12.2017
FURNITUREDECOR,INTERNATIONAL_EXPEDITED,false,2,12.5,20.12.2017
FURNITUREDECOR,INTERNATIONAL,false,3,12.5,30.03.2018
FURNITUREDECOR,DOMESTIC_EXPEDITED,false,0,12.5,30.09.2018
FURNITUREDECOR,DOMESTIC,true,1,12.5,31.09.2018
JEWELRY,DOMESTIC,true,0,12.5,10.10.2015
JEWELRY,DOMESTIC_EXPEDITED,false,1,12.5,16.01.2018
JEWELRY,INTERNATIONAL,false,2,12.5,16.02.2018
JEWELRY,INTERNATIONAL_EXPEDITED,false,3,12.5,16.12.2017
JEWELRY,DOMESTIC_EXPEDITED,true,1,12.5,20.12.2017
JEWELRY,DOMESTIC_EXPEDITED,false,2,12.5,30.03.2018
JEWELRY,DOMESTIC,true,2,12.5,30.09.2018
JEWELRY,INTERNATIONAL,true,2,12.5,31.09.2018
MUSIC,DOMESTIC,true,0,12.5,10.10.2015
MUSIC,DOMESTIC_EXPEDITED,false,1,12.5,16.01.2018
MUSIC,INTERNATIONAL,false,2,12.5,16.02.2018
MUSIC,INTERNATIONAL_EXPEDITED,false,3,12.5,16.12.2017
MUSIC,DOMESTIC_EXPEDITED,true,2,12.5,20.12.2017
MUSIC,DOMESTIC,false,0,12.5,30.03.2018
MUSIC,DOMESTIC,false,1,12.5,30.09.2018
MUSIC,INTERNATIONAL_EXPEDITED,true,3,12.5,31.09.2018
VIDEO,DOMESTIC,true,0,12.5,10.10.2015
VIDEO,DOMESTIC_EXPEDITED,false,1,12.5,16.01.2018
VIDEO,INTERNATIONAL,true,2,12.5,16.02.2018
VIDEO,INTERNATIONAL_EXPEDITED,true,3,12.5,16.12.2017
VIDEO,DOMESTIC_EXPEDITED,false,3,12.5,20.12.2017
VIDEO,DOMESTIC,true,1,12.5,30.03.2018
VIDEO,DOMESTIC,false,3,12.5,30.09.2018
VIDEO,DOMESTIC_EXPEDITED,false,0,12.5,31.09.2018
WATCHES,DOMESTIC,true,0,12.5,10.10.2015
WATCHES,DOMESTIC_EXPEDITED,false,1,12.5,16.01.2018
WATCHES,INTERNATIONAL,false,2,12.5,16.02.2018
WATCHES,INTERNATIONAL_EXPEDITED,true,3,12.5,16.12.2017
WATCHES,DOMESTIC_EXPEDITED,false,2,12.5,20.12.2017
WATCHES,INTERNATIONAL_EXPEDITED,true,2,12.5,30.03.2018
WATCHES,DOMESTIC,true,2,12.5,30.09.2018
WATCHES,DOMESTIC_EXPEDITED,true,3,12.5,31.09.2018
BOOKS,DOMESTIC,true,0,12,10.10.2015
BOOKS,DOMESTIC_EXPEDITED,false,1,12,16.01.2018
BOOKS,INTERNATIONAL,true,2,12,16.02.2018
BOOKS,INTERNATIONAL_EXPEDITED,false,3,12,16.12.2017
BOOKS,DOMESTIC,true,1,12,20.12.2017
BOOKS,DOMESTIC_EXPEDITED,false,0,12,30.03.2018
BOOKS,INTERNATIONAL,true,3,12,30.09.2018
BOOKS,INTERNATIONAL_EXPEDITED,false,2,12,31.09.2018
CLOTHING,DOMESTIC_EXPEDITED,true,2,12,10.10.2015
CLOTHING,DOMESTIC,false,3,12,16.01.2018
CLOTHING,INTERNATIONAL_EXPEDITED,true,0,12,16.02.2018
CLOTHING,INTERNATIONAL,false,1,12,16.12.2017
CLOTHING,DOMESTIC_EXPEDITED,false,3,12,20.12.2017
CLOTHING,DOMESTIC,true,2,12,30.03.2018
CLOTHING,INTERNATIONAL_EXPEDITED,false,1,12,30.09.2018
CLOTHING,INTERNATIONAL,true,0,12,31.09.2018
ELECTRONICS,INTERNATIONAL,false,1,12,10.10.2015
ELECTRONICS,INTERNATIONAL_EXPEDITED,true,0,12,16.01.2018
ELECTRONICS,DOMESTIC,false,3,12,16.02.2018
ELECTRONICS,DOMESTIC_EXPEDITED,true,2,12,16.12.2017
ELECTRONICS,INTERNATIONAL,true,0,12,20.12.2017
ELECTRONICS,INTERNATIONAL_EXPEDITED,false,1,12,30.03.2018
ELECTRONICS,DOMESTIC,true,2,12,30.09.2018
ELECTRONICS,DOMESTIC_EXPEDITED,false,3,12,31.09.2018
FURNITUREDECOR,INTERNATIONAL_EXPEDITED,true,3,12,10.10.2015
FURNITUREDECOR,INTERNATIONAL,false,2,12,16.01.2018
FURNITUREDECOR,DOMESTIC_EXPEDITED,true,1,12,16.02.2018
FURNITUREDECOR,DOMESTIC,false,0,12,16.12.2017
FURNITUREDECOR,INTERNATIONAL_EXPEDITED,false,2,12,20.12.2017
FURNITUREDECOR,INTERNATIONAL,true,3,12,30.03.2018
FURNITUREDECOR,DOMESTIC_EXPEDITED,true,0,12,30.09.2018
FURNITUREDECOR,DOMESTIC,true,1,12,31.09.2018
JEWELRY,DOMESTIC,true,0,12,10.10.2015
JEWELRY,DOMESTIC_EXPEDITED,false,1,12,16.01.2018
JEWELRY,INTERNATIONAL,false,2,12,16.02.2018
JEWELRY,INTERNATIONAL_EXPEDITED,true,3,12,16.12.2017
JEWELRY,DOMESTIC_EXPEDITED,false,2,12,20.12.2017
JEWELRY,INTERNATIONAL,true,2,12,30.03.2018
JEWELRY,INTERNATIONAL,false,2,12,30.09.2018
JEWELRY,DOMESTIC,true,1,12,31.09.2018
MUSIC,DOMESTIC,true,0,12,10.10.2015
MUSIC,DOMESTIC_EXPEDITED,false,1,12,16.01.2018
MUSIC,INTERNATIONAL,true,2,12,16.02.2018
MUSIC,INTERNATIONAL_EXPEDITED,true,3,12,16.12.2017
MUSIC,DOMESTIC,true,0,12,20.12.2017
MUSIC,DOMESTIC_EXPEDITED,false,2,12,30.03.2018
MUSIC,INTERNATIONAL,false,2,12,30.09.2018
MUSIC,DOMESTIC,true,3,12,31.09.2018
VIDEO,DOMESTIC,true,0,12,10.10.2015
VIDEO,DOMESTIC_EXPEDITED,false,1,12,16.01.2018
VIDEO,INTERNATIONAL,false,2,12,16.02.2018
VIDEO,INTERNATIONAL_EXPEDITED,true,3,12,16.12.2017
VIDEO,INTERNATIONAL,true,2,12,20.12.2017
VIDEO,DOMESTIC_EXPEDITED,true,0,12,30.03.2018
VIDEO,DOMESTIC,false,1,12,30.09.2018
VIDEO,INTERNATIONAL,false,3,12,31.09.2018
WATCHES,DOMESTIC,true,0,12,10.10.2015
WATCHES,DOMESTIC_EXPEDITED,false,1,12,16.01.2018
WATCHES,INTERNATIONAL,true,2,12,16.02.2018
WATCHES,INTERNATIONAL_EXPEDITED,true,3,12,16.12.2017
WATCHES,INTERNATIONAL_EXPEDITED,true,0,12,20.12.2017
WATCHES,INTERNATIONAL,false,0,12,30.03.2018
WATCHES,INTERNATIONAL,false,2,12,30.09.2018
WATCHES,DOMESTIC,false,1,12,31.09.2018
BOOKS,DOMESTIC,true,0,10,10.10.2015
BOOKS,DOMESTIC_EXPEDITED,false,1,10,16.01.2018
BOOKS,INTERNATIONAL,true,2,10,16.02.2018
BOOKS,INTERNATIONAL_EXPEDITED,false,3,10,16.12.2017
BOOKS,DOMESTIC,true,1,10,20.12.2017
BOOKS,DOMESTIC_EXPEDITED,false,0,10,30.03.2018
BOOKS,INTERNATIONAL,true,3,10,30.09.2018
BOOKS,INTERNATIONAL_EXPEDITED,false,2,10,31.09.2018
CLOTHING,DOMESTIC_EXPEDITED,true,2,10,10.10.2015
CLOTHING,DOMESTIC,false,3,10,16.01.2018
CLOTHING,INTERNATIONAL_EXPEDITED,true,0,10,16.02.2018
CLOTHING,INTERNATIONAL,false,1,10,16.12.2017
CLOTHING,DOMESTIC_EXPEDITED,false,3,10,20.12.2017
CLOTHING,DOMESTIC,true,2,10,30.03.2018
CLOTHING,INTERNATIONAL_EXPEDITED,false,1,10,30.09.2018
CLOTHING,INTERNATIONAL,true,0,10,31.09.2018
ELECTRONICS,INTERNATIONAL,false,1,10,10.10.2015
ELECTRONICS,INTERNATIONAL_EXPEDITED,true,0,10,16.01.2018
ELECTRONICS,DOMESTIC,false,3,10,16.02.2018
ELECTRONICS,DOMESTIC_EXPEDITED,true,2,10,16.12.2017
ELECTRONICS,INTERNATIONAL,true,0,10,20.12.2017
ELECTRONICS,INTERNATIONAL_EXPEDITED,false,1,10,30.03.2018
ELECTRONICS,DOMESTIC,false,2,10,30.09.2018
ELECTRONICS,DOMESTIC_EXPEDITED,false,3,10,31.09.2018
FURNITUREDECOR,INTERNATIONAL_EXPEDITED,true,3,10,10.10.2015
FURNITUREDECOR,INTERNATIONAL,false,2,10,16.01.2018
FURNITUREDECOR,DOMESTIC_EXPEDITED,false,1,10,16.02.2018
FURNITUREDECOR,DOMESTIC,false,0,10,16.12.2017
FURNITUREDECOR,INTERNATIONAL_EXPEDITED,false,2,10,20.12.2017
FURNITUREDECOR,INTERNATIONAL,false,3,10,30.03.2018
FURNITUREDECOR,DOMESTIC_EXPEDITED,true,0,10,30.09.2018
FURNITUREDECOR,DOMESTIC,false,1,10,31.09.2018
JEWELRY,DOMESTIC,true,0,10,10.10.2015
JEWELRY,DOMESTIC_EXPEDITED,false,1,10,16.01.2018
JEWELRY,INTERNATIONAL,true,2,10,16.02.2018
JEWELRY,INTERNATIONAL_EXPEDITED,true,3,10,16.12.2017
JEWELRY,INTERNATIONAL,true,2,10,20.12.2017
JEWELRY,DOMESTIC_EXPEDITED,true,3,10,30.03.2018
JEWELRY,DOMESTIC_EXPEDITED,false,3,10,30.09.2018
JEWELRY,INTERNATIONAL_EXPEDITED,false,0,10,31.09.2018
MUSIC,DOMESTIC,true,0,10,10.10.2015
MUSIC,DOMESTIC_EXPEDITED,false,1,10,16.01.2018
MUSIC,INTERNATIONAL,false,2,10,16.02.2018
MUSIC,INTERNATIONAL_EXPEDITED,false,3,10,16.12.2017
MUSIC,INTERNATIONAL,false,2,10,20.12.2017
MUSIC,DOMESTIC_EXPEDITED,true,2,10,30.03.2018
MUSIC,DOMESTIC_EXPEDITED,false,0,10,30.09.2018
MUSIC,INTERNATIONAL_EXPEDITED,true,0,10,31.09.2018
VIDEO,DOMESTIC,true,0,10,10.10.2015
VIDEO,DOMESTIC_EXPEDITED,false,1,10,16.01.2018
VIDEO,INTERNATIONAL,false,2,10,16.02.2018
VIDEO,INTERNATIONAL_EXPEDITED,true,3,10,16.12.2017
VIDEO,INTERNATIONAL_EXPEDITED,true,0,10,20.12.2017
VIDEO,DOMESTIC_EXPEDITED,false,1,10,30.03.2018
VIDEO,INTERNATIONAL,false,0,10,30.09.2018
VIDEO,INTERNATIONAL,false,1,10,31.09.2018
WATCHES,DOMESTIC,true,0,10,10.10.2015
WATCHES,DOMESTIC_EXPEDITED,false,1,10,16.01.2018
WATCHES,INTERNATIONAL,false,2,10,16.02.2018
WATCHES,INTERNATIONAL_EXPEDITED,true,3,10,16.12.2017
WATCHES,DOMESTIC_EXPEDITED,true,3,10,20.12.2017
WATCHES,INTERNATIONAL_EXPEDITED,false,0,10,30.03.2018
WATCHES,INTERNATIONAL,false,0,10,30.09.2018
WATCHES,INTERNATIONAL_EXPEDITED,true,0,10,31.09.2018
BOOKS,DOMESTIC,true,0,9,10.10.2015
BOOKS,DOMESTIC_EXPEDITED,false,1,9,16.01.2018
BOOKS,INTERNATIONAL,true,2,9,16.02.2018
BOOKS,INTERNATIONAL_EXPEDITED,false,3,9,16.12.2017
BOOKS,DOMESTIC,true,1,9,20.12.2017
BOOKS,DOMESTIC_EXPEDITED,false,0,9,30.03.2018
BOOKS,INTERNATIONAL,true,3,9,30.09.2018
BOOKS,INTERNATIONAL_EXPEDITED,false,2,9,31.09.2018
CLOTHING,DOMESTIC_EXPEDITED,true,2,9,10.10.2015
CLOTHING,DOMESTIC,false,3,9,16.01.2018
CLOTHING,INTERNATIONAL_EXPEDITED,true,0,9,16.02.2018
CLOTHING,INTERNATIONAL,false,1,9,16.12.2017
CLOTHING,DOMESTIC_EXPEDITED,false,3,9,20.12.2017
CLOTHING,DOMESTIC,true,2,9,30.03.2018
CLOTHING,INTERNATIONAL_EXPEDITED,false,1,9,30.09.2018
CLOTHING,INTERNATIONAL,true,0,9,31.09.2018
ELECTRONICS,INTERNATIONAL,false,1,9,10.10.2015
ELECTRONICS,INTERNATIONAL_EXPEDITED,true,0,9,16.01.2018
ELECTRONICS,DOMESTIC,false,3,9,16.02.2018
ELECTRONICS,DOMESTIC_EXPEDITED,true,2,9,16.12.2017
ELECTRONICS,INTERNATIONAL,false,0,9,20.12.2017
ELECTRONICS,INTERNATIONAL_EXPEDITED,false,1,9,30.03.2018
ELECTRONICS,DOMESTIC,true,2,9,30.09.2018
ELECTRONICS,DOMESTIC_EXPEDITED,false,3,9,31.09.2018
FURNITUREDECOR,INTERNATIONAL_EXPEDITED,true,3,9,10.10.2015
FURNITUREDECOR,INTERNATIONAL,false,2,9,16.01.2018
FURNITUREDECOR,DOMESTIC_EXPEDITED,false,1,9,16.02.2018
FURNITUREDECOR,DOMESTIC,true,0,9,16.12.2017
FURNITUREDECOR,INTERNATIONAL_EXPEDITED,true,2,9,20.12.2017
FURNITUREDECOR,INTERNATIONAL,true,3,9,30.03.2018
FURNITUREDECOR,DOMESTIC_EXPEDITED,true,0,9,30.09.2018
FURNITUREDECOR,DOMESTIC,false,1,9,31.09.2018
JEWELRY,DOMESTIC,true,0,9,10.10.2015
JEWELRY,DOMESTIC_EXPEDITED,false,1,9,16.01.2018
JEWELRY,INTERNATIONAL,false,2,9,16.02.2018
JEWELRY,INTERNATIONAL_EXPEDITED,true,3,9,16.12.2017
JEWELRY,INTERNATIONAL,false,2,9,20.12.2017
JEWELRY,DOMESTIC_EXPEDITED,true,0,9,30.03.2018
JEWELRY,INTERNATIONAL,false,2,9,30.09.2018
JEWELRY,INTERNATIONAL_EXPEDITED,true,1,9,31.09.2018
MUSIC,DOMESTIC,true,0,9,10.10.2015
MUSIC,DOMESTIC_EXPEDITED,false,1,9,16.01.2018
MUSIC,INTERNATIONAL,true,2,9,16.02.2018
MUSIC,INTERNATIONAL_EXPEDITED,true,3,9,16.12.2017
MUSIC,INTERNATIONAL,true,0,9,20.12.2017
MUSIC,INTERNATIONAL_EXPEDITED,true,0,9,30.03.2018
MUSIC,INTERNATIONAL_EXPEDITED,true,1,9,30.09.2018
MUSIC,DOMESTIC,true,0,9,31.09.2018
VIDEO,DOMESTIC,true,0,9,10.10.2015
VIDEO,DOMESTIC_EXPEDITED,false,1,9,16.01.2018
VIDEO,INTERNATIONAL,true,2,9,16.02.2018
VIDEO,INTERNATIONAL_EXPEDITED,false,3,9,16.12.2017
VIDEO,DOMESTIC,true,0,9,20.12.2017
VIDEO,INTERNATIONAL,false,0,9,30.03.2018
VIDEO,DOMESTIC_EXPEDITED,false,1,9,30.09.2018
VIDEO,DOMESTIC,true,0,9,31.09.2018
WATCHES,DOMESTIC,true,0,9,10.10.2015
WATCHES,DOMESTIC_EXPEDITED,false,1,9,16.01.2018
WATCHES,INTERNATIONAL,false,2,9,16.02.2018
WATCHES,INTERNATIONAL_EXPEDITED,false,3,9,16.12.2017
WATCHES,INTERNATIONAL,false,2,9,20.12.2017
WATCHES,DOMESTIC_EXPEDITED,false,2,9,30.03.2018
WATCHES,DOMESTIC,true,1,9,30.09.2018
WATCHES,INTERNATIONAL_EXPEDITED,false,0,9,31.09.2018
BOOKS,DOMESTIC,true,0,13,10.10.2015
BOOKS,DOMESTIC_EXPEDITED,false,1,13,16.01.2018
BOOKS,INTERNATIONAL,true,2,13,16.02.2018
BOOKS,INTERNATIONAL_EXPEDITED,false,3,13,16.12.2017
BOOKS,DOMESTIC,true,1,13,20.12.2017
BOOKS,DOMESTIC_EXPEDITED,false,0,13,30.03.2018
BOOKS,INTERNATIONAL,true,3,13,30.09.2018
BOOKS,INTERNATIONAL_EXPEDITED,false,2,13,31.09.2018
CLOTHING,DOMESTIC_EXPEDITED,true,2,13,10.10.2015
CLOTHING,DOMESTIC,false,3,13,16.01.2018
CLOTHING,INTERNATIONAL_EXPEDITED,true,0,13,16.02.2018
CLOTHING,INTERNATIONAL,false,1,13,16.12.2017
CLOTHING,DOMESTIC_EXPEDITED,false,3,13,20.12.2017
CLOTHING,DOMESTIC,true,2,13,30.03.2018
CLOTHING,INTERNATIONAL_EXPEDITED,false,1,13,30.09.2018
CLOTHING,INTERNATIONAL,true,0,13,31.09.2018
ELECTRONICS,INTERNATIONAL,false,1,13,10.10.2015
ELECTRONICS,INTERNATIONAL_EXPEDITED,true,0,13,16.01.2018
ELECTRONICS,DOMESTIC,false,3,13,16.02.2018
ELECTRONICS,DOMESTIC_EXPEDITED,true,2,13,16.12.2017
ELECTRONICS,INTERNATIONAL,false,0,13,20.12.2017
ELECTRONICS,INTERNATIONAL_EXPEDITED,false,1,13,30.03.2018
ELECTRONICS,DOMESTIC,true,2,13,30.09.2018
ELECTRONICS,DOMESTIC_EXPEDITED,false,3,13,31.09.2018
FURNITUREDECOR,INTERNATIONAL_EXPEDITED,true,3,13,10.10.2015
FURNITUREDECOR,INTERNATIONAL,false,2,13,16.01.2018
FURNITUREDECOR,DOMESTIC_EXPEDITED,false,1,13,16.02.2018
FURNITUREDECOR,DOMESTIC,true,0,13,16.12.2017
FURNITUREDECOR,INTERNATIONAL_EXPEDITED,true,2,13,20.12.2017
FURNITUREDECOR,INTERNATIONAL,false,3,13,30.03.2018
FURNITUREDECOR,DOMESTIC_EXPEDITED,true,0,13,30.09.2018
FURNITUREDECOR,DOMESTIC,true,1,13,31.09.2018
JEWELRY,DOMESTIC,true,0,13,10.10.2015
JEWELRY,DOMESTIC_EXPEDITED,false,1,13,16.01.2018
JEWELRY,INTERNATIONAL,false,2,13,16.02.2018
JEWELRY,INTERNATIONAL_EXPEDITED,false,3,13,16.12.2017
JEWELRY,DOMESTIC_EXPEDITED,false,0,13,20.12.2017
JEWELRY,DOMESTIC,false,1,13,30.03.2018
JEWELRY,DOMESTIC_EXPEDITED,false,1,13,30.09.2018
JEWELRY,DOMESTIC_EXPEDITED,false,0,13,31.09.2018
MUSIC,DOMESTIC,true,0,13,10.10.2015
MUSIC,DOMESTIC_EXPEDITED,false,1,13,16.01.2018
MUSIC,INTERNATIONAL,true,2,13,16.02.2018
MUSIC,INTERNATIONAL_EXPEDITED,true,3,13,16.12.2017
MUSIC,INTERNATIONAL,false,3,13,20.12.2017
MUSIC,DOMESTIC_EXPEDITED,true,2,13,30.03.2018
MUSIC,DOMESTIC,true,0,13,30.09.2018
MUSIC,DOMESTIC,false,2,13,31.09.2018
VIDEO,DOMESTIC,true,0,13,10.10.2015
VIDEO,DOMESTIC_EXPEDITED,false,1,13,16.01.2018
VIDEO,INTERNATIONAL,false,2,13,16.02.2018
VIDEO,INTERNATIONAL_EXPEDITED,true,3,13,16.12.2017
VIDEO,DOMESTIC_EXPEDITED,false,0,13,20.12.2017
VIDEO,INTERNATIONAL,true,1,13,30.03.2018
VIDEO,INTERNATIONAL,true,3,13,30.09.2018
VIDEO,INTERNATIONAL_EXPEDITED,false,2,13,31.09.2018
WATCHES,DOMESTIC,true,0,13,10.10.2015
WATCHES,DOMESTIC_EXPEDITED,false,1,13,16.01.2018
WATCHES,INTERNATIONAL,false,2,13,16.02.2018
WATCHES,INTERNATIONAL_EXPEDITED,false,3,13,16.12.2017
WATCHES,DOMESTIC,false,2,13,20.12.2017
WATCHES,INTERNATIONAL_EXPEDITED,false,2,13,30.03.2018
WATCHES,INTERNATIONAL_EXPEDITED,true,2,13,30.09.2018
WATCHES,DOMESTIC_EXPEDITED,true,3,13,31.09.2018
BOOKS,DOMESTIC,true,0,13.33,10.10.2015
BOOKS,DOMESTIC_EXPEDITED,false,1,13.33,16.01.2018
BOOKS,INTERNATIONAL,true,2,13.33,16.02.2018
BOOKS,INTERNATIONAL_EXPEDITED,false,3,13.33,16.12.2017
BOOKS,DOMESTIC,true,1,13.33,20.12.2017
BOOKS,DOMESTIC_EXPEDITED,false,0,13.33,30.03.2018
BOOKS,INTERNATIONAL,true,3,13.33,30.09.2018
BOOKS,INTERNATIONAL_EXPEDITED,false,2,13.33,31.09.2018
CLOTHING,DOMESTIC_EXPEDITED,true,2,13.33,10.10.2015
CLOTHING,DOMESTIC,false,3,13.33,16.01.2018
CLOTHING,INTERNATIONAL_EXPEDITED,true,0,13.33,16.02.2018
CLOTHING,INTERNATIONAL,false,1,13.33,16.12.2017
CLOTHING,DOMESTIC_EXPEDITED,false,3,13.33,20.12.2017
CLOTHING,DOMESTIC,true,2,13.33,30.03.2018
CLOTHING,INTERNATIONAL_EXPEDITED,false,1,13.33,30.09.2018
CLOTHING,INTERNATIONAL,true,0,13.33,31.09.2018
ELECTRONICS,INTERNATIONAL,false,1,13.33,10.10.2015
ELECTRONICS,INTERNATIONAL_EXPEDITED,true,0,13.33,16.01.2018
ELECTRONICS,DOMESTIC,false,3,13.33,16.02.2018
ELECTRONICS,DOMESTIC_EXPEDITED,true,2,13.33,16.12.2017
ELECTRONICS,INTERNATIONAL,true,0,13.33,20.12.2017
ELECTRONICS,INTERNATIONAL_EXPEDITED,true,1,13.33,30.03.2018
ELECTRONICS,DOMESTIC,true,2,13.33,30.09.2018
ELECTRONICS,DOMESTIC_EXPEDITED,true,3,13.33,31.09.2018
FURNITUREDECOR,INTERNATIONAL_EXPEDITED,true,3,13.33,10.10.2015
FURNITUREDECOR,INTERNATIONAL,false,2,13.33,16.01.2018
FURNITUREDECOR,DOMESTIC_EXPEDITED,true,1,13.33,16.02.2018
FURNITUREDECOR,DOMESTIC,true,0,13.33,16.12.2017
FURNITUREDECOR,INTERNATIONAL_EXPEDITED,true,2,13.33,20.12.2017
FURNITUREDECOR,INTERNATIONAL,true,3,13.33,30.03.2018
FURNITUREDECOR,DOMESTIC_EXPEDITED,false,0,13.33,30.09.2018
FURNITUREDECOR,DOMESTIC,false,1,13.33,31.09.2018
JEWELRY,DOMESTIC,true,0,13.33,10.10.2015
JEWELRY,DOMESTIC_EXPEDITED,false,1,13.33,16.01.2018
JEWELRY,INTERNATIONAL,true,2,13.33,16.02.2018
JEWELRY,INTERNATIONAL_EXPEDITED,false,3,13.33,16.12.2017
JEWELRY,INTERNATIONAL,true,0,13.33,20.12.2017
JEWELRY,INTERNATIONAL_EXPEDITED,true,2,13.33,30.03.2018
JEWELRY,DOMESTIC_EXPEDITED,true,1,13.33,30.09.2018
JEWELRY,DOMESTIC,false,1,13.33,31.09.2018
MUSIC,DOMESTIC,true,0,13.33,10.10.2015
MUSIC,DOMESTIC_EXPEDITED,false,1,13.33,16.01.2018
MUSIC,INTERNATIONAL,false,2,13.33,16.02.2018
MUSIC,INTERNATIONAL_EXPEDITED,false,3,13.33,16.12.2017
MUSIC,DOMESTIC,true,0,13.33,20.12.2017
MUSIC,DOMESTIC_EXPEDITED,true,3,13.33,30.03.2018
MUSIC,DOMESTIC,false,0,13.33,30.09.2018
MUSIC,INTERNATIONAL,false,2,13.33,31.09.2018
VIDEO,DOMESTIC,true,0,13.33,10.10.2015
VIDEO,DOMESTIC_EXPEDITED,false,1,13.33,16.01.2018
VIDEO,INTERNATIONAL,false,2,13.33,16.02.2018
VIDEO,INTERNATIONAL_EXPEDITED,true,3,13.33,16.12.2017
VIDEO,DOMESTIC,false,3,13.33,20.12.2017
VIDEO,DOMESTIC,true,2,13.33,30.03.2018
VIDEO,INTERNATIONAL_EXPEDITED,false,2,13.33,30.09.2018
VIDEO,DOMESTIC,true,2,13.33,31.09.2018
WATCHES,DOMESTIC,true,0,13.33,10.10.2015
WATCHES,DOMESTIC_EXPEDITED,false,1,13.33,16.01.2018
WATCHES,INTERNATIONAL,false,2,13.33,16.02.2018
WATCHES,INTERNATIONAL_EXPEDITED,true,3,13.33,16.12.2017
WATCHES,INTERNATIONAL_EXPEDITED,true,1,13.33,20.12.2017
WATCHES,DOMESTIC,true,1,13.33,30.03.2018
WATCHES,INTERNATIONAL,true,3,13.33,30.09.2018
WATCHES,DOMESTIC,false,0,13.33,31.09.2018
BOOKS,DOMESTIC,true,0,6.25,10.10.2015
BOOKS,DOMESTIC_EXPEDITED,false,1,6.25,16.01.2018
BOOKS,INTERNATIONAL,true,2,6.25,16.02.2018
BOOKS,INTERNATIONAL_EXPEDITED,false,3,6.25,16.12.2017
BOOKS,DOMESTIC,true,1,6.25,20.12.2017
BOOKS,DOMESTIC_EXPEDITED,false,0,6.25,30.03.2018
BOOKS,INTERNATIONAL,true,3,6.25,30.09.2018
BOOKS,INTERNATIONAL_EXPEDITED,false,2,6.25,31.09.2018
CLOTHING,DOMESTIC_EXPEDITED,true,2,6.25,10.10.2015
CLOTHING,DOMESTIC,false,3,6.25,16.01.2018
CLOTHING,INTERNATIONAL_EXPEDITED,true,0,6.25,16.02.2018
CLOTHING,INTERNATIONAL,false,1,6.25,16.12.2017
CLOTHING,DOMESTIC_EXPEDITED,false,3,6.25,20.12.2017
CLOTHING,DOMESTIC,true,2,6.25,30.03.2018
CLOTHING,INTERNATIONAL_EXPEDITED,false,1,6.25,30.09.2018
CLOTHING,INTERNATIONAL,true,0,6.25,31.09.2018
ELECTRONICS,INTERNATIONAL,false,1,6.25,10.10.2015
ELECTRONICS,INTERNATIONAL_EXPEDITED,true,0,6.25,16.01.2018
ELECTRONICS,DOMESTIC,false,3,6.25,16.02.2018
ELECTRONICS,DOMESTIC_EXPEDITED,true,2,6.25,16.12.2017
ELECTRONICS,INTERNATIONAL,true,0,6.25,20.12.2017
ELECTRONICS,INTERNATIONAL_EXPEDITED,false,1,6.25,30.03.2018
ELECTRONICS,DOMESTIC,true,2,6.25,30.09.2018
ELECTRONICS,DOMESTIC_EXPEDITED,true,3,6.25,31.09.2018
FURNITUREDECOR,INTERNATIONAL_EXPEDITED,true,3,6.25,10.10.2015
FURNITUREDECOR,INTERNATIONAL,false,2,6.25,16.01.2018
FURNITUREDECOR,DOMESTIC_EXPEDITED,false,1,6.25,16.02.2018
FURNITUREDECOR,DOMESTIC,false,0,6.25,16.12.2017
FURNITUREDECOR,INTERNATIONAL_EXPEDITED,true,2,6.25,20.12.2017
FURNITUREDECOR,INTERNATIONAL,true,3,6.25,30.03.2018
FURNITUREDECOR,DOMESTIC_EXPEDITED,false,0,6.25,30.09.2018
FURNITUREDECOR,DOMESTIC,false,1,6.25,31.09.2018
JEWELRY,DOMESTIC,true,0,6.25,10.10.2015
JEWELRY,DOMESTIC_EXPEDITED,false,1,6.25,16.01.2018
JEWELRY,INTERNATIONAL,false,2,6.25,16.02.2018
JEWELRY,INTERNATIONAL_EXPEDITED,true,3,6.25,16.12.2017
JEWELRY,DOMESTIC_EXPEDITED,true,2,6.25,20.12.2017
JEWELRY,INTERNATIONAL,true,1,6.25,30.03.2018
JEWELRY,DOMESTIC,false,0,6.25,30.09.2018
JEWELRY,INTERNATIONAL,false,2,6.25,31.09.2018
MUSIC,DOMESTIC,true,0,6.25,10.10.2015
MUSIC,DOMESTIC_EXPEDITED,false,1,6.25,16.01.2018
MUSIC,INTERNATIONAL,false,2,6.25,16.02.2018
MUSIC,INTERNATIONAL_EXPEDITED,true,3,6.25,16.12.2017
MUSIC,INTERNATIONAL_EXPEDITED,false,3,6.25,20.12.2017
MUSIC,INTERNATIONAL_EXPEDITED,false,0,6.25,30.03.2018
MUSIC,INTERNATIONAL_EXPEDITED,true,1,6.25,30.09.2018
MUSIC,DOMESTIC_EXPEDITED,true,2,6.25,31.09.2018
VIDEO,DOMESTIC,true,0,6.25,10.10.2015
VIDEO,DOMESTIC_EXPEDITED,false,1,6.25,16.01.2018
VIDEO,INTERNATIONAL,true,2,6.25,16.02.2018
VIDEO,INTERNATIONAL_EXPEDITED,false,3,6.25,16.12.2017
VIDEO,DOMESTIC_EXPEDITED,true,3,6.25,20.12.2017
VIDEO,DOMESTIC_EXPEDITED,true,0,6.25,30.03.2018
VIDEO,DOMESTIC_EXPEDITED,true,3,6.25,30.09.2018
VIDEO,DOMESTIC_EXPEDITED,false,1,6.25,31.09.2018
WATCHES,DOMESTIC,true,0,6.25,10.10.2015
WATCHES,DOMESTIC_EXPEDITED,false,1,6.25,16.01.2018
WATCHES,INTERNATIONAL,true,2,6.25,16.02.2018
WATCHES,INTERNATIONAL_EXPEDITED,false,3,6.25,16.12.2017
WATCHES,INTERNATIONAL_EXPEDITED,true,2,6.25,20.12.2017
WATCHES,INTERNATIONAL,false,0,6.25,30.03.2018
WATCHES,INTERNATIONAL,true,1,6.25,30.09.2018
WATCHES,INTERNATIONAL_EXPEDITED,true,3,6.25,31.09.2018
BOOKS,DOMESTIC,true,0,100,10.10.2015
BOOKS,DOMESTIC_EXPEDITED,false,1,100,16.01.2018
BOOKS,INTERNATIONAL,true,2,100,16.02.2018
BOOKS,INTERNATIONAL_EXPEDITED,false,3,100,16.12.2017
BOOKS,DOMESTIC,true,1,100,20.12.2017
BOOKS,DOMESTIC_EXPEDITED,false,0,100,30.03.2018
BOOKS,INTERNATIONAL,true,3,100,30.09.2018
BOOKS,INTERNATIONAL_EXPEDITED,false,2,100,31.09.2018
CLOTHING,DOMESTIC_EXPEDITED,true,2,100,10.10.2015
CLOTHING,DOMESTIC,false,3,100,16.01.2018
CLOTHING,INTERNATIONAL_EXPEDITED,true,0,100,16.02.2018
CLOTHING,INTERNATIONAL,false,1,100,16.12.2017
CLOTHING,DOMESTIC_EXPEDITED,false,3,100,20.12.2017
CLOTHING,DOMESTIC,true,2,100,30.03.2018
CLOTHING,INTERNATIONAL_EXPEDITED,false,1,100,30.09.2018
CLOTHING,INTERNATIONAL,true,0,100,31.09.2018
ELECTRONICS,INTERNATIONAL,false,1,100,10.10.2015
ELECTRONICS,INTERNATIONAL_EXPEDITED,true,0,100,16.01.2018
ELECTRONICS,DOMESTIC,false,3,100,16.02.2018
ELECTRONICS,DOMESTIC_EXPEDITED,true,2,100,16.12.2017
ELECTRONICS,INTERNATIONAL,true,0,100,20.12.2017
ELECTRONICS,INTERNATIONAL_EXPEDITED,false,1,100,30.03.2018
ELECTRONICS,DOMESTIC,false,2,100,30.09.2018
ELECTRONICS,DOMESTIC_EXPEDITED,true,3,100,31.09.2018
FURNITUREDECOR,INTERNATIONAL_EXPEDITED,true,3,100,10.10.2015
FURNITUREDECOR,INTERNATIONAL,false,2,100,16.01.2018
FURNITUREDECOR,DOMESTIC_EXPEDITED,false,1,100,16.02.2018
FURNITUREDECOR,DOMESTIC,true,0,100,16.12.2017
FURNITUREDECOR,INTERNATIONAL_EXPEDITED,true,2,100,20.12.2017
FURNITUREDECOR,INTERNATIONAL,true,3,100,30.03.2018
FURNITUREDECOR,DOMESTIC_EXPEDITED,true,0,100,30.09.2018
FURNITUREDECOR,DOMESTIC,false,1,100,31.09.2018
JEWELRY,DOMESTIC,true,0,100,10.10.2015
JEWELRY,DOMESTIC_EXPEDITED,false,1,100,16.01.2018
JEWELRY,INTERNATIONAL,false,2,100,16.02.2018
JEWELRY,INTERNATIONAL_EXPEDITED,true,3,100,16.12.2017
JEWELRY,DOMESTIC,true,0,100,20.12.2017
JEWELRY,INTERNATIONAL,true,1,100,30.03.2018
JEWELRY,INTERNATIONAL,true,2,100,30.09.2018
JEWELRY,DOMESTIC_EXPEDITED,true,2,100,31.09.2018
MUSIC,DOMESTIC,true,0,100,10.10.2015
MUSIC,DOMESTIC_EXPEDITED,false,1,100,16.01.2018
MUSIC,INTERNATIONAL,false,2,100,16.02.2018
MUSIC,INTERNATIONAL_EXPEDITED,false,3,100,16.12.2017
MUSIC,INTERNATIONAL_EXPEDITED,true,2,100,20.12.2017
MUSIC,INTERNATIONAL_EXPEDITED,true,0,100,30.03.2018
MUSIC,DOMESTIC_EXPEDITED,true,1,100,30.09.2018
MUSIC,DOMESTIC_EXPEDITED,true,3,100,31.09.2018
VIDEO,DOMESTIC,true,0,100,10.10.2015
VIDEO,DOMESTIC_EXPEDITED,false,1,100,16.01.2018
VIDEO,INTERNATIONAL,false,2,100,16.02.2018
VIDEO,INTERNATIONAL_EXPEDITED,false,3,100,16.12.2017
VIDEO,INTERNATIONAL_EXPEDITED,false,1,100,20.12.2017
VIDEO,INTERNATIONAL_EXPEDITED,true,2,100,30.03.2018
VIDEO,INTERNATIONAL,true,3,100,30.09.2018
VIDEO,INTERNATIONAL,false,2,100,31.09.2018
WATCHES,DOMESTIC,true,0,100,10.10.2015
WATCHES,DOMESTIC_EXPEDITED,false,1,100,16.01.2018
WATCHES,INTERNATIONAL,false,2,100,16.02.2018
WATCHES,INTERNATIONAL_EXPEDITED,false,3,100,16.12.2017
WATCHES,INTERNATIONAL_EXPEDITED,true,2,100,20.12.2017
WATCHES,INTERNATIONAL_EXPEDITED,true,0,100,30.03.2018
WATCHES,DOMESTIC_EXPEDITED,false,0,100,30.09.2018
WATCHES,INTERNATIONAL,true,1,100,31.09.2018
BOOKS,DOMESTIC,true,0,200,10.10.2015
BOOKS,DOMESTIC_EXPEDITED,false,1,200,16.01.2018
BOOKS,INTERNATIONAL,true,2,200,16.02.2018
BOOKS,INTERNATIONAL_EXPEDITED,false,3,200,16.12.2017
BOOKS,DOMESTIC,true,1,200,20.12.2017
BOOKS,DOMESTIC_EXPEDITED,false,0,200,30.03.2018
BOOKS,INTERNATIONAL,true,3,200,30.09.2018
BOOKS,INTERNATIONAL_EXPEDITED,false,2,200,31.09.2018
CLOTHING,DOMESTIC_EXPEDITED,true,2,200,10.10.2015
CLOTHING,DOMESTIC,false,3,200,16.01.2018
CLOTHING,INTERNATIONAL_EXPEDITED,true,0,200,16.02.2018
CLOTHING,INTERNATIONAL,false,1,200,16.12.2017
CLOTHING,DOMESTIC_EXPEDITED,false,3,200,20.12.2017
CLOTHING,DOMESTIC,true,2,200,30.03.2018
CLOTHING,INTERNATIONAL_EXPEDITED,false,1,200,30.09.2018
CLOTHING,INTERNATIONAL,true,0,200,31.09.2018
ELECTRONICS,INTERNATIONAL,false,1,200,10.10.2015
ELECTRONICS,INTERNATIONAL_EXPEDITED,true,0,200,16.01.2018
ELECTRONICS,DOMESTIC,false,3,200,16.02.2018
ELECTRONICS,DOMESTIC_EXPEDITED,true,2,200,16.12.2017
ELECTRONICS,INTERNATIONAL,false,0,200,20.12.2017
ELECTRONICS,INTERNATIONAL_EXPEDITED,true,1,200,30.03.2018
ELECTRONICS,DOMESTIC,true,2,200,30.09.2018
ELECTRONICS,DOMESTIC_EXPEDITED,false,3,200,31.09.2018
FURNITUREDECOR,INTERNATIONAL_EXPEDITED,true,3,200,10.10.2015
FURNITUREDECOR,INTERNATIONAL,false,2,200,16.01.2018
FURNITUREDECOR,DOMESTIC_EXPEDITED,true,1,200,16.02.2018
FURNITUREDECOR,DOMESTIC,false,0,200,16.12.2017
FURNITUREDECOR,INTERNATIONAL_EXPEDITED,false,2,200,20.12.2017
FURNITUREDECOR,INTERNATIONAL,true,3,200,30.03.2018
FURNITUREDECOR,DOMESTIC_EXPEDITED,false,0,200,30.09.2018
FURNITUREDECOR,DOMESTIC,true,1,200,31.09.2018
JEWELRY,DOMESTIC,true,0,200,10.10.2015
JEWELRY,DOMESTIC_EXPEDITED,false,1,200,16.01.2018
JEWELRY,INTERNATIONAL,false,2,200,16.02.2018
JEWELRY,INTERNATIONAL_EXPEDITED,false,3,200,16.12.2017
JEWELRY,DOMESTIC_EXPEDITED,true,3,200,20.12.2017
JEWELRY,DOMESTIC,true,0,200,30.03.2018
JEWELRY,DOMESTIC,false,2,200,30.09.2018
JEWELRY,INTERNATIONAL,false,3,200,31.09.2018
MUSIC,DOMESTIC,true,0,200,10.10.2015
MUSIC,DOMESTIC_EXPEDITED,false,1,200,16.01.2018
MUSIC,INTERNATIONAL,false,2,200,16.02.2018
MUSIC,INTERNATIONAL_EXPEDITED,true,3,200,16.12.2017
MUSIC,DOMESTIC,true,3,200,20.12.2017
MUSIC,INTERNATIONAL_EXPEDITED,true,0,200,30.03.2018
MUSIC,DOMESTIC,false,2,200,30.09.2018
MUSIC,DOMESTIC_EXPEDITED,false,1,200,31.09.2018
VIDEO,DOMESTIC,true,0,200,10.10.2015
VIDEO,DOMESTIC_EXPEDITED,false,1,200,16.01.2018
VIDEO,INTERNATIONAL,false,2,200,16.02.2018
VIDEO,INTERNATIONAL_EXPEDITED,true,3,200,16.12.2017
VIDEO,INTERNATIONAL,true,2,200,20.12.2017
VIDEO,DOMESTIC_EXPEDITED,false,1,200,30.03.2018
VIDEO,DOMESTIC,false,1,200,30.09.2018
VIDEO,DOMESTIC,false,0,200,31.09.2018
WATCHES,DOMESTIC,true,0,200,10.10.2015
WATCHES,DOMESTIC_EXPEDITED,false,1,200,16.01.2018
WATCHES,INTERNATIONAL,true,2,200,16.02.2018
WATCHES,INTERNATIONAL_EXPEDITED,true,3,200,16.12.2017
WATCHES,INTERNATIONAL,false,0,200,20.12.2017
WATCHES,INTERNATIONAL_EXPEDITED,true,1,200,30.03.2018
WATCHES,INTERNATIONAL,true,1,200,30.09.2018
WATCHES,INTERNATIONAL_EXPEDITED,true,1,200,31.09.2018
BOOKS,DOMESTIC,true,0,800,10.10.2015
BOOKS,DOMESTIC_EXPEDITED,false,1,800,16.01.2018
BOOKS,INTERNATIONAL,true,2,800,16.02.2018
BOOKS,INTERNATIONAL_EXPEDITED,false,3,800,16.12.2017
BOOKS,DOMESTIC,true,1,800,20.12.2017
BOOKS,DOMESTIC_EXPEDITED,false,0,800,30.03.2018
BOOKS,INTERNATIONAL,true,3,800,30.09.2018
BOOKS,INTERNATIONAL_EXPEDITED,false,2,800,31.09.2018
CLOTHING,DOMESTIC_EXPEDITED,true,2,800,10.10.2015
CLOTHING,DOMESTIC,false,3,800,16.01.2018
CLOTHING,INTERNATIONAL_EXPEDITED,true,0,800,16.02.2018
CLOTHING,INTERNATIONAL,false,1,800,16.12.2017
CLOTHING,DOMESTIC_EXPEDITED,false,3,800,20.12.2017
CLOTHING,DOMESTIC,true,2,800,30.03.2018
CLOTHING,INTERNATIONAL_EXPEDITED,false,1,800,30.09.2018
CLOTHING,INTERNATIONAL,true,0,800,31.09.2018
ELECTRONICS,INTERNATIONAL,false,1,800,10.10.2015
ELECTRONICS,INTERNATIONAL_EXPEDITED,true,0,800,16.01.2018
ELECTRONICS,DOMESTIC,false,3,800,16.02.2018
ELECTRONICS,DOMESTIC_EXPEDITED,true,2,800,16.12.2017
ELECTRONICS,INTERNATIONAL,false,0,800,20.12.2017
ELECTRONICS,INTERNATIONAL_EXPEDITED,true,1,800,30.03.2018
ELECTRONICS,DOMESTIC,true,2,800,30.09.2018
ELECTRONICS,DOMESTIC_EXPEDITED,false,3,800,31.09.2018
FURNITUREDECOR,INTERNATIONAL_EXPEDITED,true,3,800,10.10.2015
FURNITUREDECOR,INTERNATIONAL,false,2,800,16.01.2018
FURNITUREDECOR,DOMESTIC_EXPEDITED,true,1,800,16.02.2018
FURNITUREDECOR,DOMESTIC,false,0,800,16.12.2017
FURNITUREDECOR,INTERNATIONAL_EXPEDITED,true,2,800,20.12.2017
FURNITUREDECOR,INTERNATIONAL,true,3,800,30.03.2018
FURNITUREDECOR,DOMESTIC_EXPEDITED,true,0,800,30.09.2018
FURNITUREDECOR,DOMESTIC,false,1,800,31.09.2018
JEWELRY,DOMESTIC,true,0,800,10.10.2015
JEWELRY,DOMESTIC_EXPEDITED,false,1,800,16.01.2018
JEWELRY,INTERNATIONAL,false,2,800,16.02.2018
JEWELRY,INTERNATIONAL_EXPEDITED,true,3,800,16.12.2017
JEWELRY,DOMESTIC_EXPEDITED,false,2,800,20.12.2017
JEWELRY,DOMESTIC_EXPEDITED,false,1,800,30.03.2018
JEWELRY,INTERNATIONAL_EXPEDITED,false,1,800,30.09.2018
JEWELRY,DOMESTIC_EXPEDITED,false,1,800,31.09.2018
MUSIC,DOMESTIC,true,0,800,10.10.2015
MUSIC,DOMESTIC_EXPEDITED,false,1,800,16.01.2018
MUSIC,INTERNATIONAL,false,2,800,16.02.2018
MUSIC,INTERNATIONAL_EXPEDITED,true,3,800,16.12.2017
MUSIC,DOMESTIC,false,0,800,20.12.2017
MUSIC,INTERNATIONAL_EXPEDITED,true,3,800,30.03.2018
MUSIC,DOMESTIC,false,2,800,30.09.2018
MUSIC,INTERNATIONAL_EXPEDITED,true,3,800,31.09.2018
VIDEO,DOMESTIC,true,0,800,10.10.2015
VIDEO,DOMESTIC_EXPEDITED,false,1,800,16.01.2018
VIDEO,INTERNATIONAL,true,2,800,16.02.2018
VIDEO,INTERNATIONAL_EXPEDITED,false,3,800,16.12.2017
VIDEO,INTERNATIONAL_EXPEDITED,true,1,800,20.12.2017
VIDEO,INTERNATIONAL_EXPEDITED,true,3,800,30.03.2018
VIDEO,INTERNATIONAL,true,2,800,30.09.2018
VIDEO,DOMESTIC,true,2,800,31.09.2018
WATCHES,DOMESTIC,true,0,800,10.10.2015
WATCHES,DOMESTIC_EXPEDITED,false,1,800,16.01.2018
WATCHES,INTERNATIONAL,true,2,800,16.02.2018
WATCHES,INTERNATIONAL_EXPEDITED,true,3,800,16.12.2017
WATCHES,INTERNATIONAL_EXPEDITED,false,0,800,20.12.2017
WATCHES,INTERNATIONAL_EXPEDITED,true,1,800,30.03.2018
WATCHES,DOMESTIC_EXPEDITED,false,0,800,30.09.2018
WATCHES,DOMESTIC,false,2,800,31.09.2018
BOOKS,DOMESTIC,true,0,500,10.10.2015
BOOKS,DOMESTIC_EXPEDITED,false,1,500,16.01.2018
BOOKS,INTERNATIONAL,true,2,500,16.02.2018
BOOKS,INTERNATIONAL_EXPEDITED,false,3,500,16.12.2017
BOOKS,DOMESTIC,true,1,500,20.12.2017
BOOKS,DOMESTIC_EXPEDITED,false,0,500,30.03.2018
BOOKS,INTERNATIONAL,true,3,500,30.09.2018
BOOKS,INTERNATIONAL_EXPEDITED,false,2,500,31.09.2018
CLOTHING,DOMESTIC_EXPEDITED,true,2,500,10.10.2015
CLOTHING,DOMESTIC,false,3,500,16.01.2018
CLOTHING,INTERNATIONAL_EXPEDITED,true,0,500,16.02.2018
CLOTHING,INTERNATIONAL,false,1,500,16.12.2017
CLOTHING,DOMESTIC_EXPEDITED,false,3,500,20.12.2017
CLOTHING,DOMESTIC,true,2,500,30.03.2018
CLOTHING,INTERNATIONAL_EXPEDITED,false,1,500,30.09.2018
CLOTHING,INTERNATIONAL,true,0,500,31.09.2018
ELECTRONICS,INTERNATIONAL,false,1,500,10.10.2015
ELECTRONICS,INTERNATIONAL_EXPEDITED,true,0,500,16.01.2018
ELECTRONICS,DOMESTIC,false,3,500,16.02.2018
ELECTRONICS,DOMESTIC_EXPEDITED,true,2,500,16.12.2017
ELECTRONICS,INTERNATIONAL,true,0,500,20.12.2017
ELECTRONICS,INTERNATIONAL_EXPEDITED,false,1,500,30.03.2018
ELECTRONICS,DOMESTIC,true,2,500,30.09.2018
ELECTRONICS,DOMESTIC_EXPEDITED,false,3,500,31.09.2018
FURNITUREDECOR,INTERNATIONAL_EXPEDITED,true,3,500,10.10.2015
FURNITUREDECOR,INTERNATIONAL,false,2,500,16.01.2018
FURNITUREDECOR,DOMESTIC_EXPEDITED,false,1,500,16.02.2018
FURNITUREDECOR,DOMESTIC,false,0,500,16.12.2017
FURNITUREDECOR,INTERNATIONAL_EXPEDITED,true,2,500,20.12.2017
FURNITUREDECOR,INTERNATIONAL,true,3,500,30.03.2018
FURNITUREDECOR,DOMESTIC_EXPEDITED,true,0,500,30.09.2018
FURNITUREDECOR,DOMESTIC,true,1,500,31.09.2018
JEWELRY,DOMESTIC,true,0,500,10.10.2015
JEWELRY,DOMESTIC_EXPEDITED,false,1,500,16.01.2018
JEWELRY,INTERNATIONAL,false,2,500,16.02.2018
JEWELRY,INTERNATIONAL_EXPEDITED,false,3,500,16.12.2017
JEWELRY,INTERNATIONAL_EXPEDITED,true,2,500,20.12.2017
JEWELRY,DOMESTIC_EXPEDITED,true,0,500,30.03.2018
JEWELRY,DOMESTIC,true,2,500,30.09.2018
JEWELRY,DOMESTIC,true,1,500,31.09.2018
MUSIC,DOMESTIC,true,0,500,10.10.2015
MUSIC,DOMESTIC_EXPEDITED,false,1,500,16.01.2018
MUSIC,INTERNATIONAL,true,2,500,16.02.2018
MUSIC,INTERNATIONAL_EXPEDITED,false,3,500,16.12.2017
MUSIC,DOMESTIC_EXPEDITED,false,0,500,20.12.2017
MUSIC,INTERNATIONAL,false,2,500,30.03.2018
MUSIC,INTERNATIONAL,true,1,500,30.09.2018
MUSIC,INTERNATIONAL_EXPEDITED,true,0,500,31.09.2018
VIDEO,DOMESTIC,true,0,500,10.10.2015
VIDEO,DOMESTIC_EXPEDITED,false,1,500,16.01.2018
VIDEO,INTERNATIONAL,true,2,500,16.02.2018
VIDEO,INTERNATIONAL_EXPEDITED,true,3,500,16.12.2017
VIDEO,DOMESTIC,false,2,500,20.12.2017
VIDEO,INTERNATIONAL_EXPEDITED,true,3,500,30.03.2018
VIDEO,DOMESTIC,true,0,500,30.09.2018
VIDEO,DOMESTIC,true,2,500,31.09.2018
WATCHES,DOMESTIC,true,0,500,10.10.2015
WATCHES,DOMESTIC_EXPEDITED,false,1,500,16.01.2018
WATCHES,INTERNATIONAL,false,2,500,16.02.2018
WATCHES,INTERNATIONAL_EXPEDITED,true,3,500,16.12.2017
WATCHES,INTERNATIONAL,false,2,500,20.12.2017
WATCHES,DOMESTIC_EXPEDITED,true,0,500,30.03.2018
WATCHES,INTERNATIONAL_EXPEDITED,false,3,500,30.09.2018
WATCHES,DOMESTIC,true,2,500,31.09.2018
BOOKS,DOMESTIC,true,0,999,10.10.2015
BOOKS,DOMESTIC_EXPEDITED,false,1,999,16.01.2018
BOOKS,INTERNATIONAL,true,2,999,16.02.2018
BOOKS,INTERNATIONAL_EXPEDITED,false,3,999,16.12.2017
BOOKS,DOMESTIC,true,1,999,20.12.2017
BOOKS,DOMESTIC_EXPEDITED,false,0,999,30.03.2018
BOOKS,INTERNATIONAL,true,3,999,30.09.2018
BOOKS,INTERNATIONAL_EXPEDITED,false,2,999,31.09.2018
CLOTHING,DOMESTIC_EXPEDITED,true,2,999,10.10.2015
CLOTHING,DOMESTIC,false,3,999,16.01.2018
CLOTHING,INTERNATIONAL_EXPEDITED,true,0,999,16.02.2018
CLOTHING,INTERNATIONAL,false,1,999,16.12.2017
CLOTHING,DOMESTIC_EXPEDITED,false,3,999,20.12.2017
CLOTHING,DOMESTIC,true,2,999,30.03.2018
CLOTHING,INTERNATIONAL_EXPEDITED,false,1,999,30.09.2018
CLOTHING,INTERNATIONAL,true,0,999,31.09.2018
ELECTRONICS,INTERNATIONAL,false,1,999,10.10.2015
ELECTRONICS,INTERNATIONAL_EXPEDITED,true,0,999,16.01.2018
ELECTRONICS,DOMESTIC,false,3,999,16.02.2018
ELECTRONICS,DOMESTIC_EXPEDITED,true,2,999,16.12.2017
ELECTRONICS,INTERNATIONAL,true,0,999,20.12.2017
ELECTRONICS,INTERNATIONAL_EXPEDITED,false,1,999,30.03.2018
ELECTRONICS,DOMESTIC,false,2,999,30.09.2018
ELECTRONICS,DOMESTIC_EXPEDITED,false,3,999,31.09.2018
FURNITUREDECOR,INTERNATIONAL_EXPEDITED,true,3,999,10.10.2015
FURNITUREDECOR,INTERNATIONAL,false,2,999,16.01.2018
FURNITUREDECOR,DOMESTIC_EXPEDITED,true,1,999,16.02.2018
FURNITUREDECOR,DOMESTIC,false,0,999,16.12.2017
FURNITUREDECOR,INTERNATIONAL_EXPEDITED,true,2,999,20.12.2017
FURNITUREDECOR,INTERNATIONAL,false,3,999,30.03.2018
FURNITUREDECOR,DOMESTIC_EXPEDITED,false,0,999,30.09.2018
FURNITUREDECOR,DOMESTIC,false,1,999,31.09.2018
JEWELRY,DOMESTIC,true,0,999,10.10.2015
JEWELRY,DOMESTIC_EXPEDITED,false,1,999,16.01.2018
JEWELRY,INTERNATIONAL,true,2,999,16.02.2018
JEWELRY,INTERNATIONAL_EXPEDITED,true,3,999,16.12.2017
JEWELRY,DOMESTIC,true,3,999,20.12.2017
JEWELRY,DOMESTIC_EXPEDITED,true,1,999,30.03.2018
JEWELRY,DOMESTIC,true,3,999,30.09.2018
JEWELRY,INTERNATIONAL,false,2,999,31.09.2018
MUSIC,DOMESTIC,true,0,999,10.10.2015
MUSIC,DOMESTIC_EXPEDITED,false,1,999,16.01.2018
MUSIC,INTERNATIONAL,false,2,999,16.02.2018
MUSIC,INTERNATIONAL_EXPEDITED,false,3,999,16.12.2017
MUSIC,DOMESTIC_EXPEDITED,false,0,999,20.12.2017
MUSIC,INTERNATIONAL,false,1,999,30.03.2018
MUSIC,DOMESTIC_EXPEDITED,false,1,999,30.09.2018
MUSIC,INTERNATIONAL,false,3,999,31.09.2018
VIDEO,DOMESTIC,true,0,999,10.10.2015
VIDEO,DOMESTIC_EXPEDITED,false,1,999,16.01.2018
VIDEO,INTERNATIONAL,true,2,999,16.02.2018
VIDEO,INTERNATIONAL_EXPEDITED,true,3,999,16.12.2017
VIDEO,DOMESTIC,true,1,999,20.12.2017
VIDEO,INTERNATIONAL_EXPEDITED,false,2,999,30.03.2018
VIDEO,INTERNATIONAL,false,2,999,30.09.2018
VIDEO,INTERNATIONAL_EXPEDITED,true,3,999,31.09.2018
WATCHES,DOMESTIC,true,0,999,10.10.2015
WATCHES,DOMESTIC_EXPEDITED,false,1,999,16.01.2018
WATCHES,INTERNATIONAL,true,2,999,16.02.2018
WATCHES,INTERNATIONAL_EXPEDITED,true,3,999,16.12.2017
WATCHES,DOMESTIC,true,2,999,20.12.2017
WATCHES,INTERNATIONAL_EXPEDITED,true,0,999,30.03.2018
WATCHES,INTERNATIONAL_EXPEDITED,false,2,999,30.09.2018
WATCHES,DOMESTIC,true,1,999,31.09.2018
